Workbook
Name p_reset: Inputs!$B$5
Name p_Ttop: Inputs!$B$7
Name p_Tbottom: Inputs!$B$8
Name p_Tleft: Inputs!$B$9
Name p_Tright: Inputs!$B$10
Name p_Tinit: Inputs!$B$11
Name p_alpha: Inputs!$B$13
Name p_dt: Inputs!$B$14
Name p_N: Inputs!$B$15
Name p_h: Inputs!$B$16
Name p_Fo: Inputs!$B$17

Sheet Instructions
A1: 2D transient heat conduction in Excel
A3: WHAT THIS SOLVES
A4: dT/dt = alpha * (d2T/dx2 + d2T/dy2) on a 1 m x 1 m plate with fixed (Dirichlet) edge temperatures.
A5: Scheme: explicit FTCS. T_new = T + Fo*(T_E + T_W + T_N + T_S - 4*T), Fo = alpha*dt/h^2 <= 0.25.
A7: ONE-TIME SETUP (required):
A8: 1) File > Options > Formulas > tick 'Enable iterative calculation'. Set Maximum Iterations = 1000, Maximum Change = 0.000000001.
A9: (Excel takes this setting from the first workbook opened in a session. Close other workbooks first if you see a circular-reference warning.)
A10: 2) Press F9. Each F9 advances the solution by 'Maximum Iterations' time steps. Watch the 'T' sheet heat map evolve.
A12: HOW TO USE:
A13: - Change edge temperatures / alpha / dt on the 'Inputs' sheet, then press F9 repeatedly until the monitors stop changing.
A14: - Set Reset = 1 to wipe the field, then 0 to run again.
A15: - 'Validation' compares the centre line with the exact Fourier series (top edge hot, other three edges 0).
A17: TRY: set Tleft=100 and Tright=0 for a left-to-right gradient; raise dt until the stability check shows UNSTABLE and watch it explode.

Sheet T
A1: Temperature field T [deg C] (row 3 = top edge y=1, last row = bottom edge y=0)
A2: y \ x | B2: 0 | C2: =B2+p_h | D2: =C2+p_h | E2: =D2+p_h | F2: =E2+p_h | G2: =F2+p_h | H2: =G2+p_h | I2: =H2+p_h | J2: =I2+p_h | ... V2: =U2+p_h
A3: =20*p_h | B3: =AVERAGE(p_Ttop,p_Tleft) | C3: =p_Ttop | D3: =p_Ttop | E3: =p_Ttop | F3: =p_Ttop | G3: =p_Ttop | H3: =p_Ttop | I3: =p_Ttop | J3: =p_Ttop | ... U3: =p_Ttop | V3: =AVERAGE(p_Ttop,p_Tright)
A4: =A3-p_h | B4: =p_Tleft | C4: =IF(p_reset=1,p_Tinit,C4+p_Fo*(D4+B4+C3+C5-4*C4)) | D4: =IF(p_reset=1,p_Tinit,D4+p_Fo*(E4+C4+D3+D5-4*D4)) | E4: =IF(p_reset=1,p_Tinit,E4+p_Fo*(F4+D4+E3+E5-4*E4)) | F4: =IF(p_reset=1,p_Tinit,F4+p_Fo*(G4+E4+F3+F5-4*F4)) | G4: =IF(p_reset=1,p_Tinit,G4+p_Fo*(H4+F4+G3+G5-4*G4)) | H4: =IF(p_reset=1,p_Tinit,H4+p_Fo*(I4+G4+H3+H5-4*H4)) | I4: =IF(p_reset=1,p_Tinit,I4+p_Fo*(J4+H4+I3+I5-4*I4)) | J4: =IF(p_reset=1,p_Tinit,J4+p_Fo*(K4+I4+J3+J5-4*J4)) | ... U4: =IF(p_reset=1,p_Tinit,U4+p_Fo*(V4+T4+U3+U5-4*U4)) | V4: =p_Tright
A5: =A4-p_h | B5: =p_Tleft | C5: =IF(p_reset=1,p_Tinit,C5+p_Fo*(D5+B5+C4+C6-4*C5)) | D5: =IF(p_reset=1,p_Tinit,D5+p_Fo*(E5+C5+D4+D6-4*D5)) | E5: =IF(p_reset=1,p_Tinit,E5+p_Fo*(F5+D5+E4+E6-4*E5)) | F5: =IF(p_reset=1,p_Tinit,F5+p_Fo*(G5+E5+F4+F6-4*F5)) | G5: =IF(p_reset=1,p_Tinit,G5+p_Fo*(H5+F5+G4+G6-4*G5)) | H5: =IF(p_reset=1,p_Tinit,H5+p_Fo*(I5+G5+H4+H6-4*H5)) | I5: =IF(p_reset=1,p_Tinit,I5+p_Fo*(J5+H5+I4+I6-4*I5)) | J5: =IF(p_reset=1,p_Tinit,J5+p_Fo*(K5+I5+J4+J6-4*J5)) | ... U5: =IF(p_reset=1,p_Tinit,U5+p_Fo*(V5+T5+U4+U6-4*U5)) | V5: =p_Tright
A6: =A5-p_h | B6: =p_Tleft | C6: =IF(p_reset=1,p_Tinit,C6+p_Fo*(D6+B6+C5+C7-4*C6)) | D6: =IF(p_reset=1,p_Tinit,D6+p_Fo*(E6+C6+D5+D7-4*D6)) | E6: =IF(p_reset=1,p_Tinit,E6+p_Fo*(F6+D6+E5+E7-4*E6)) | F6: =IF(p_reset=1,p_Tinit,F6+p_Fo*(G6+E6+F5+F7-4*F6)) | G6: =IF(p_reset=1,p_Tinit,G6+p_Fo*(H6+F6+G5+G7-4*G6)) | H6: =IF(p_reset=1,p_Tinit,H6+p_Fo*(I6+G6+H5+H7-4*H6)) | I6: =IF(p_reset=1,p_Tinit,I6+p_Fo*(J6+H6+I5+I7-4*I6)) | J6: =IF(p_reset=1,p_Tinit,J6+p_Fo*(K6+I6+J5+J7-4*J6)) | ... U6: =IF(p_reset=1,p_Tinit,U6+p_Fo*(V6+T6+U5+U7-4*U6)) | V6: =p_Tright
A7: =A6-p_h | B7: =p_Tleft | C7: =IF(p_reset=1,p_Tinit,C7+p_Fo*(D7+B7+C6+C8-4*C7)) | D7: =IF(p_reset=1,p_Tinit,D7+p_Fo*(E7+C7+D6+D8-4*D7)) | E7: =IF(p_reset=1,p_Tinit,E7+p_Fo*(F7+D7+E6+E8-4*E7)) | F7: =IF(p_reset=1,p_Tinit,F7+p_Fo*(G7+E7+F6+F8-4*F7)) | G7: =IF(p_reset=1,p_Tinit,G7+p_Fo*(H7+F7+G6+G8-4*G7)) | H7: =IF(p_reset=1,p_Tinit,H7+p_Fo*(I7+G7+H6+H8-4*H7)) | I7: =IF(p_reset=1,p_Tinit,I7+p_Fo*(J7+H7+I6+I8-4*I7)) | J7: =IF(p_reset=1,p_Tinit,J7+p_Fo*(K7+I7+J6+J8-4*J7)) | ... U7: =IF(p_reset=1,p_Tinit,U7+p_Fo*(V7+T7+U6+U8-4*U7)) | V7: =p_Tright
A8: =A7-p_h | B8: =p_Tleft | C8: =IF(p_reset=1,p_Tinit,C8+p_Fo*(D8+B8+C7+C9-4*C8)) | D8: =IF(p_reset=1,p_Tinit,D8+p_Fo*(E8+C8+D7+D9-4*D8)) | E8: =IF(p_reset=1,p_Tinit,E8+p_Fo*(F8+D8+E7+E9-4*E8)) | F8: =IF(p_reset=1,p_Tinit,F8+p_Fo*(G8+E8+F7+F9-4*F8)) | G8: =IF(p_reset=1,p_Tinit,G8+p_Fo*(H8+F8+G7+G9-4*G8)) | H8: =IF(p_reset=1,p_Tinit,H8+p_Fo*(I8+G8+H7+H9-4*H8)) | I8: =IF(p_reset=1,p_Tinit,I8+p_Fo*(J8+H8+I7+I9-4*I8)) | J8: =IF(p_reset=1,p_Tinit,J8+p_Fo*(K8+I8+J7+J9-4*J8)) | ... U8: =IF(p_reset=1,p_Tinit,U8+p_Fo*(V8+T8+U7+U9-4*U8)) | V8: =p_Tright
A9: =A8-p_h | B9: =p_Tleft | C9: =IF(p_reset=1,p_Tinit,C9+p_Fo*(D9+B9+C8+C10-4*C9)) | D9: =IF(p_reset=1,p_Tinit,D9+p_Fo*(E9+C9+D8+D10-4*D9)) | E9: =IF(p_reset=1,p_Tinit,E9+p_Fo*(F9+D9+E8+E10-4*E9)) | F9: =IF(p_reset=1,p_Tinit,F9+p_Fo*(G9+E9+F8+F10-4*F9)) | G9: =IF(p_reset=1,p_Tinit,G9+p_Fo*(H9+F9+G8+G10-4*G9)) | H9: =IF(p_reset=1,p_Tinit,H9+p_Fo*(I9+G9+H8+H10-4*H9)) | I9: =IF(p_reset=1,p_Tinit,I9+p_Fo*(J9+H9+I8+I10-4*I9)) | J9: =IF(p_reset=1,p_Tinit,J9+p_Fo*(K9+I9+J8+J10-4*J9)) | ... U9: =IF(p_reset=1,p_Tinit,U9+p_Fo*(V9+T9+U8+U10-4*U9)) | V9: =p_Tright
A10: =A9-p_h | B10: =p_Tleft | C10: =IF(p_reset=1,p_Tinit,C10+p_Fo*(D10+B10+C9+C11-4*C10)) | D10: =IF(p_reset=1,p_Tinit,D10+p_Fo*(E10+C10+D9+D11-4*D10)) | E10: =IF(p_reset=1,p_Tinit,E10+p_Fo*(F10+D10+E9+E11-4*E10)) | F10: =IF(p_reset=1,p_Tinit,F10+p_Fo*(G10+E10+F9+F11-4*F10)) | G10: =IF(p_reset=1,p_Tinit,G10+p_Fo*(H10+F10+G9+G11-4*G10)) | H10: =IF(p_reset=1,p_Tinit,H10+p_Fo*(I10+G10+H9+H11-4*H10)) | I10: =IF(p_reset=1,p_Tinit,I10+p_Fo*(J10+H10+I9+I11-4*I10)) | J10: =IF(p_reset=1,p_Tinit,J10+p_Fo*(K10+I10+J9+J11-4*J10)) | ... U10: =IF(p_reset=1,p_Tinit,U10+p_Fo*(V10+T10+U9+U11-4*U10)) | V10: =p_Tright
A11: =A10-p_h | B11: =p_Tleft | C11: =IF(p_reset=1,p_Tinit,C11+p_Fo*(D11+B11+C10+C12-4*C11)) | D11: =IF(p_reset=1,p_Tinit,D11+p_Fo*(E11+C11+D10+D12-4*D11)) | E11: =IF(p_reset=1,p_Tinit,E11+p_Fo*(F11+D11+E10+E12-4*E11)) | F11: =IF(p_reset=1,p_Tinit,F11+p_Fo*(G11+E11+F10+F12-4*F11)) | G11: =IF(p_reset=1,p_Tinit,G11+p_Fo*(H11+F11+G10+G12-4*G11)) | H11: =IF(p_reset=1,p_Tinit,H11+p_Fo*(I11+G11+H10+H12-4*H11)) | I11: =IF(p_reset=1,p_Tinit,I11+p_Fo*(J11+H11+I10+I12-4*I11)) | J11: =IF(p_reset=1,p_Tinit,J11+p_Fo*(K11+I11+J10+J12-4*J11)) | ... U11: =IF(p_reset=1,p_Tinit,U11+p_Fo*(V11+T11+U10+U12-4*U11)) | V11: =p_Tright
A12: =A11-p_h | B12: =p_Tleft | C12: =IF(p_reset=1,p_Tinit,C12+p_Fo*(D12+B12+C11+C13-4*C12)) | D12: =IF(p_reset=1,p_Tinit,D12+p_Fo*(E12+C12+D11+D13-4*D12)) | E12: =IF(p_reset=1,p_Tinit,E12+p_Fo*(F12+D12+E11+E13-4*E12)) | F12: =IF(p_reset=1,p_Tinit,F12+p_Fo*(G12+E12+F11+F13-4*F12)) | G12: =IF(p_reset=1,p_Tinit,G12+p_Fo*(H12+F12+G11+G13-4*G12)) | H12: =IF(p_reset=1,p_Tinit,H12+p_Fo*(I12+G12+H11+H13-4*H12)) | I12: =IF(p_reset=1,p_Tinit,I12+p_Fo*(J12+H12+I11+I13-4*I12)) | J12: =IF(p_reset=1,p_Tinit,J12+p_Fo*(K12+I12+J11+J13-4*J12)) | ... U12: =IF(p_reset=1,p_Tinit,U12+p_Fo*(V12+T12+U11+U13-4*U12)) | V12: =p_Tright
A13: =A12-p_h | B13: =p_Tleft | C13: =IF(p_reset=1,p_Tinit,C13+p_Fo*(D13+B13+C12+C14-4*C13)) | D13: =IF(p_reset=1,p_Tinit,D13+p_Fo*(E13+C13+D12+D14-4*D13)) | E13: =IF(p_reset=1,p_Tinit,E13+p_Fo*(F13+D13+E12+E14-4*E13)) | F13: =IF(p_reset=1,p_Tinit,F13+p_Fo*(G13+E13+F12+F14-4*F13)) | G13: =IF(p_reset=1,p_Tinit,G13+p_Fo*(H13+F13+G12+G14-4*G13)) | H13: =IF(p_reset=1,p_Tinit,H13+p_Fo*(I13+G13+H12+H14-4*H13)) | I13: =IF(p_reset=1,p_Tinit,I13+p_Fo*(J13+H13+I12+I14-4*I13)) | J13: =IF(p_reset=1,p_Tinit,J13+p_Fo*(K13+I13+J12+J14-4*J13)) | ... U13: =IF(p_reset=1,p_Tinit,U13+p_Fo*(V13+T13+U12+U14-4*U13)) | V13: =p_Tright
A14: =A13-p_h | B14: =p_Tleft | C14: =IF(p_reset=1,p_Tinit,C14+p_Fo*(D14+B14+C13+C15-4*C14)) | D14: =IF(p_reset=1,p_Tinit,D14+p_Fo*(E14+C14+D13+D15-4*D14)) | E14: =IF(p_reset=1,p_Tinit,E14+p_Fo*(F14+D14+E13+E15-4*E14)) | F14: =IF(p_reset=1,p_Tinit,F14+p_Fo*(G14+E14+F13+F15-4*F14)) | G14: =IF(p_reset=1,p_Tinit,G14+p_Fo*(H14+F14+G13+G15-4*G14)) | H14: =IF(p_reset=1,p_Tinit,H14+p_Fo*(I14+G14+H13+H15-4*H14)) | I14: =IF(p_reset=1,p_Tinit,I14+p_Fo*(J14+H14+I13+I15-4*I14)) | J14: =IF(p_reset=1,p_Tinit,J14+p_Fo*(K14+I14+J13+J15-4*J14)) | ... U14: =IF(p_reset=1,p_Tinit,U14+p_Fo*(V14+T14+U13+U15-4*U14)) | V14: =p_Tright
A15: =A14-p_h | B15: =p_Tleft | C15: =IF(p_reset=1,p_Tinit,C15+p_Fo*(D15+B15+C14+C16-4*C15)) | D15: =IF(p_reset=1,p_Tinit,D15+p_Fo*(E15+C15+D14+D16-4*D15)) | E15: =IF(p_reset=1,p_Tinit,E15+p_Fo*(F15+D15+E14+E16-4*E15)) | F15: =IF(p_reset=1,p_Tinit,F15+p_Fo*(G15+E15+F14+F16-4*F15)) | G15: =IF(p_reset=1,p_Tinit,G15+p_Fo*(H15+F15+G14+G16-4*G15)) | H15: =IF(p_reset=1,p_Tinit,H15+p_Fo*(I15+G15+H14+H16-4*H15)) | I15: =IF(p_reset=1,p_Tinit,I15+p_Fo*(J15+H15+I14+I16-4*I15)) | J15: =IF(p_reset=1,p_Tinit,J15+p_Fo*(K15+I15+J14+J16-4*J15)) | ... U15: =IF(p_reset=1,p_Tinit,U15+p_Fo*(V15+T15+U14+U16-4*U15)) | V15: =p_Tright
... A22: =A21-p_h | B22: =p_Tleft | C22: =IF(p_reset=1,p_Tinit,C22+p_Fo*(D22+B22+C21+C23-4*C22)) | D22: =IF(p_reset=1,p_Tinit,D22+p_Fo*(E22+C22+D21+D23-4*D22)) | E22: =IF(p_reset=1,p_Tinit,E22+p_Fo*(F22+D22+E21+E23-4*E22)) | F22: =IF(p_reset=1,p_Tinit,F22+p_Fo*(G22+E22+F21+F23-4*F22)) | G22: =IF(p_reset=1,p_Tinit,G22+p_Fo*(H22+F22+G21+G23-4*G22)) | H22: =IF(p_reset=1,p_Tinit,H22+p_Fo*(I22+G22+H21+H23-4*H22)) | I22: =IF(p_reset=1,p_Tinit,I22+p_Fo*(J22+H22+I21+I23-4*I22)) | J22: =IF(p_reset=1,p_Tinit,J22+p_Fo*(K22+I22+J21+J23-4*J22)) | ... U22: =IF(p_reset=1,p_Tinit,U22+p_Fo*(V22+T22+U21+U23-4*U22)) | V22: =p_Tright
A23: =A22-p_h | B23: =AVERAGE(p_Tbottom,p_Tleft) | C23: =p_Tbottom | D23: =p_Tbottom | E23: =p_Tbottom | F23: =p_Tbottom | G23: =p_Tbottom | H23: =p_Tbottom | I23: =p_Tbottom | J23: =p_Tbottom | ... U23: =p_Tbottom | V23: =AVERAGE(p_Tbottom,p_Tright)

Sheet Inputs
A1: 2D transient heat conduction - inputs & monitors
A2: Blue on yellow = you may edit. Black = calculated by the workbook.
A4: RUN CONTROL
A5: Reset (1 = initialise, 0 = run) | B5: 0 | C5: Set to 1 to restore the initial temperature, then back to 0 to run.
A6: BOUNDARY / INITIAL CONDITIONS
A7: T top edge [deg C] | B7: 100 | C7: Dirichlet
A8: T bottom edge [deg C] | B8: 0 | C8: Dirichlet
A9: T left edge [deg C] | B9: 0 | C9: Dirichlet
A10: T right edge [deg C] | B10: 0 | C10: Dirichlet
A11: Initial interior T [deg C] | B11: 0 | C11: Applied while Reset = 1
A12: PHYSICS / NUMERICS
A13: Thermal diffusivity alpha [m^2/s] | B13: 1 | C13: Plate is 1 m x 1 m, so the diffusion time scale is ~1 s
A14: Time step dt [s] | B14: 0.0005 | C14: Keep Fo <= 0.25 or the explicit scheme blows up
A15: Grid nodes per side N | B15: 21 | C15: Fixed by the sheet layout; re-run generate_workbooks.py for another N
A16: Grid spacing h [m] | B16: =1/(p_N-1) | C16: Plate side length = 1 m
A17: Fourier number Fo = alpha*dt/h^2 | B17: =p_alpha*p_dt/p_h^2 | C17: Stability limit of FTCS in 2D: 0.25
A18: Stability check | B18: =IF(p_Fo<=0.25,"STABLE","UNSTABLE - reduce dt")
A19: MONITORS
A20: Mean temperature [deg C] | B20: =AVERAGE(T!B3:V23) | C20: Plateaus when steady state is reached
A21: Max temperature [deg C] | B21: =MAX(T!B3:V23)
A22: Min temperature [deg C] | B22: =MIN(T!B3:V23)
A23: Max |error| vs exact centreline (y<1) | B23: =Validation!H3 | C23: Only meaningful at steady state with 3 edges at 0 deg C (see Validation sheet)

Sheet Validation
A1: Centre-line (x = 0.5) temperature vs exact series solution
A2: y [m] | B2: T simulated | C2: T exact | D2: |error| | G2: Summary | J2: Odd n | K2: n
A3: =T!A3 | B3: =T!L3 | C3: =(4*p_Ttop/PI())*SUMPRODUCT(SIN($K$3:$K$42*PI()*0.5)*SINH($K$3:$K$42*PI()*A3)/SINH($K$3:$K$42*PI())/$K$3:$K$42) | D3: =ABS(B3-C3) | G3: Max |error| (y<1) | H3: =IF(AND(p_Tbottom=0,p_Tleft=0,p_Tright=0),MAX(D4:D23),"n/a") | J3: Series terms | K3: 1
A4: =T!A4 | B4: =T!L4 | C4: =(4*p_Ttop/PI())*SUMPRODUCT(SIN($K$3:$K$42*PI()*0.5)*SINH($K$3:$K$42*PI()*A4)/SINH($K$3:$K$42*PI())/$K$3:$K$42) | D4: =ABS(B4-C4) | G4: Valid when | H4: T bottom = T left = T right = 0, and the run has reached steady state | K4: 3
A5: =T!A5 | B5: =T!L5 | C5: =(4*p_Ttop/PI())*SUMPRODUCT(SIN($K$3:$K$42*PI()*0.5)*SINH($K$3:$K$42*PI()*A5)/SINH($K$3:$K$42*PI())/$K$3:$K$42) | D5: =ABS(B5-C5) | K5: 5
A6: =T!A6 | B6: =T!L6 | C6: =(4*p_Ttop/PI())*SUMPRODUCT(SIN($K$3:$K$42*PI()*0.5)*SINH($K$3:$K$42*PI()*A6)/SINH($K$3:$K$42*PI())/$K$3:$K$42) | D6: =ABS(B6-C6) | K6: 7
A7: =T!A7 | B7: =T!L7 | C7: =(4*p_Ttop/PI())*SUMPRODUCT(SIN($K$3:$K$42*PI()*0.5)*SINH($K$3:$K$42*PI()*A7)/SINH($K$3:$K$42*PI())/$K$3:$K$42) | D7: =ABS(B7-C7) | K7: 9
A8: =T!A8 | B8: =T!L8 | C8: =(4*p_Ttop/PI())*SUMPRODUCT(SIN($K$3:$K$42*PI()*0.5)*SINH($K$3:$K$42*PI()*A8)/SINH($K$3:$K$42*PI())/$K$3:$K$42) | D8: =ABS(B8-C8) | K8: 11
A9: =T!A9 | B9: =T!L9 | C9: =(4*p_Ttop/PI())*SUMPRODUCT(SIN($K$3:$K$42*PI()*0.5)*SINH($K$3:$K$42*PI()*A9)/SINH($K$3:$K$42*PI())/$K$3:$K$42) | D9: =ABS(B9-C9) | K9: 13
A10: =T!A10 | B10: =T!L10 | C10: =(4*p_Ttop/PI())*SUMPRODUCT(SIN($K$3:$K$42*PI()*0.5)*SINH($K$3:$K$42*PI()*A10)/SINH($K$3:$K$42*PI())/$K$3:$K$42) | D10: =ABS(B10-C10) | K10: 15
A11: =T!A11 | B11: =T!L11 | C11: =(4*p_Ttop/PI())*SUMPRODUCT(SIN($K$3:$K$42*PI()*0.5)*SINH($K$3:$K$42*PI()*A11)/SINH($K$3:$K$42*PI())/$K$3:$K$42) | D11: =ABS(B11-C11) | K11: 17
A12: =T!A12 | B12: =T!L12 | C12: =(4*p_Ttop/PI())*SUMPRODUCT(SIN($K$3:$K$42*PI()*0.5)*SINH($K$3:$K$42*PI()*A12)/SINH($K$3:$K$42*PI())/$K$3:$K$42) | D12: =ABS(B12-C12) | K12: 19
A13: =T!A13 | B13: =T!L13 | C13: =(4*p_Ttop/PI())*SUMPRODUCT(SIN($K$3:$K$42*PI()*0.5)*SINH($K$3:$K$42*PI()*A13)/SINH($K$3:$K$42*PI())/$K$3:$K$42) | D13: =ABS(B13-C13) | K13: 21
A14: =T!A14 | B14: =T!L14 | C14: =(4*p_Ttop/PI())*SUMPRODUCT(SIN($K$3:$K$42*PI()*0.5)*SINH($K$3:$K$42*PI()*A14)/SINH($K$3:$K$42*PI())/$K$3:$K$42) | D14: =ABS(B14-C14) | G14: Exact: T(x,y) = (4*Ttop/pi) * sum_{n odd} sin(n*pi*x) * sinh(n*pi*y) / (sinh(n*pi) * n), evaluated at x = 0.5 with 40 terms. The top row (y = 1) is excluded from the max error because the series itself converges slowly at the heated edge. | K14: 23
A15: =T!A15 | B15: =T!L15 | C15: =(4*p_Ttop/PI())*SUMPRODUCT(SIN($K$3:$K$42*PI()*0.5)*SINH($K$3:$K$42*PI()*A15)/SINH($K$3:$K$42*PI())/$K$3:$K$42) | D15: =ABS(B15-C15) | K15: 25
A16: =T!A16 | B16: =T!L16 | C16: =(4*p_Ttop/PI())*SUMPRODUCT(SIN($K$3:$K$42*PI()*0.5)*SINH($K$3:$K$42*PI()*A16)/SINH($K$3:$K$42*PI())/$K$3:$K$42) | D16: =ABS(B16-C16) | K16: 27
A17: =T!A17 | B17: =T!L17 | C17: =(4*p_Ttop/PI())*SUMPRODUCT(SIN($K$3:$K$42*PI()*0.5)*SINH($K$3:$K$42*PI()*A17)/SINH($K$3:$K$42*PI())/$K$3:$K$42) | D17: =ABS(B17-C17) | K17: 29
A18: =T!A18 | B18: =T!L18 | C18: =(4*p_Ttop/PI())*SUMPRODUCT(SIN($K$3:$K$42*PI()*0.5)*SINH($K$3:$K$42*PI()*A18)/SINH($K$3:$K$42*PI())/$K$3:$K$42) | D18: =ABS(B18-C18) | K18: 31
A19: =T!A19 | B19: =T!L19 | C19: =(4*p_Ttop/PI())*SUMPRODUCT(SIN($K$3:$K$42*PI()*0.5)*SINH($K$3:$K$42*PI()*A19)/SINH($K$3:$K$42*PI())/$K$3:$K$42) | D19: =ABS(B19-C19) | K19: 33
A20: =T!A20 | B20: =T!L20 | C20: =(4*p_Ttop/PI())*SUMPRODUCT(SIN($K$3:$K$42*PI()*0.5)*SINH($K$3:$K$42*PI()*A20)/SINH($K$3:$K$42*PI())/$K$3:$K$42) | D20: =ABS(B20-C20) | K20: 35
A21: =T!A21 | B21: =T!L21 | C21: =(4*p_Ttop/PI())*SUMPRODUCT(SIN($K$3:$K$42*PI()*0.5)*SINH($K$3:$K$42*PI()*A21)/SINH($K$3:$K$42*PI())/$K$3:$K$42) | D21: =ABS(B21-C21) | K21: 37
A22: =T!A22 | B22: =T!L22 | C22: =(4*p_Ttop/PI())*SUMPRODUCT(SIN($K$3:$K$42*PI()*0.5)*SINH($K$3:$K$42*PI()*A22)/SINH($K$3:$K$42*PI())/$K$3:$K$42) | D22: =ABS(B22-C22) | K22: 39
A23: =T!A23 | B23: =T!L23 | C23: =(4*p_Ttop/PI())*SUMPRODUCT(SIN($K$3:$K$42*PI()*0.5)*SINH($K$3:$K$42*PI()*A23)/SINH($K$3:$K$42*PI())/$K$3:$K$42) | D23: =ABS(B23-C23) | K23: 41
K24: 43
K25: 45
K26: 47
K27: 49
K28: 51
K29: 53
K30: 55
K31: 57
K32: 59
K33: 61
K34: 63
K35: 65
... K42: 79
