Workbook
Name p_reset: Inputs!$B$5
Name p_U: Inputs!$B$7
Name p_dpsi: Inputs!$B$8
Name p_NX: Inputs!$B$10
Name p_NY: Inputs!$B$11
Name p_h: Inputs!$B$12

Sheet Instructions
A1: 2D potential flow in Excel (stream-function formulation)
A3: WHAT THIS SOLVES
A4: Irrotational, incompressible flow: laplacian(psi) = 0, with u = dpsi/dy, v = -dpsi/dx.
A5: Scheme: Gauss-Seidel. psi = 0.25*(psi_E + psi_W + psi_N + psi_S) at every fluid node.
A6: Boundaries: inlet psi = U*y; bottom wall and solid bump psi = 0; top wall psi = U*H; outlet: zero gradient.
A8: ONE-TIME SETUP (required):
A9: 1) File > Options > Formulas > tick 'Enable iterative calculation'. Set Maximum Iterations = 1000, Maximum Change = 0.000000001.
A10: (Excel takes this from the first workbook opened in a session. Close other workbooks first if you see a circular-reference warning.)
A11: 2) Press F9 a few times until the 'Max speed' monitor on 'Inputs' stops changing.
A13: SHEETS:
A14: Inputs - free-stream speed, streamline spacing, monitors, Reset switch.
A15: Mask - 1 = solid, 0 = fluid. Default is a semicircular bump of radius 0.3 m. Type 1s to draw your own obstacle.
... A23: Limitation: ideal flow has no viscosity, separation or wake - this is the textbook potential-flow picture.

Sheet Mask
A1: Obstacle mask: 1 = solid, 0 = fluid. Edit freely (solids must touch the bottom wall).
A2: y \ x | B2: 0 | C2: =B2+p_h | D2: =C2+p_h | E2: =D2+p_h | F2: =E2+p_h | G2: =F2+p_h | H2: =G2+p_h | I2: =H2+p_h | J2: =I2+p_h | ... AP2: =AO2+p_h
A3: =20*p_h | B3: 0 | C3: 0 | D3: 0 | E3: 0 | F3: 0 | G3: 0 | H3: 0 | I3: 0 | J3: 0 | K3: 0 | L3: 0 | M3: 0 | N3: 0 | O3: 0 | P3: 0 | Q3: 0 | R3: 0 | S3: 0 | T3: 0 | U3: 0 | V3: 0 | W3: 0 | X3: 0 | Y3: 0 | Z3: 0 | AA3: 0 | AB3: 0 | AC3: 0 | AD3: 0 | AE3: 0 | AF3: 0 | AG3: 0 | AH3: 0 | AI3: 0 | AJ3: 0 | AK3: 0 | AL3: 0 | AM3: 0 | AN3: 0 | AO3: 0 | AP3: 0
A4: =A3-p_h | B4: 0 | C4: 0 | D4: 0 | E4: 0 | F4: 0 | G4: 0 | H4: 0 | I4: 0 | J4: 0 | K4: 0 | L4: 0 | M4: 0 | N4: 0 | O4: 0 | P4: 0 | Q4: 0 | R4: 0 | S4: 0 | T4: 0 | U4: 0 | V4: 0 | W4: 0 | X4: 0 | Y4: 0 | Z4: 0 | AA4: 0 | AB4: 0 | AC4: 0 | AD4: 0 | AE4: 0 | AF4: 0 | AG4: 0 | AH4: 0 | AI4: 0 | AJ4: 0 | AK4: 0 | AL4: 0 | AM4: 0 | AN4: 0 | AO4: 0 | AP4: 0
A5: =A4-p_h | B5: 0 | C5: 0 | D5: 0 | E5: 0 | F5: 0 | G5: 0 | H5: 0 | I5: 0 | J5: 0 | K5: 0 | L5: 0 | M5: 0 | N5: 0 | O5: 0 | P5: 0 | Q5: 0 | R5: 0 | S5: 0 | T5: 0 | U5: 0 | V5: 0 | W5: 0 | X5: 0 | Y5: 0 | Z5: 0 | AA5: 0 | AB5: 0 | AC5: 0 | AD5: 0 | AE5: 0 | AF5: 0 | AG5: 0 | AH5: 0 | AI5: 0 | AJ5: 0 | AK5: 0 | AL5: 0 | AM5: 0 | AN5: 0 | AO5: 0 | AP5: 0
A6: =A5-p_h | B6: 0 | C6: 0 | D6: 0 | E6: 0 | F6: 0 | G6: 0 | H6: 0 | I6: 0 | J6: 0 | K6: 0 | L6: 0 | M6: 0 | N6: 0 | O6: 0 | P6: 0 | Q6: 0 | R6: 0 | S6: 0 | T6: 0 | U6: 0 | V6: 0 | W6: 0 | X6: 0 | Y6: 0 | Z6: 0 | AA6: 0 | AB6: 0 | AC6: 0 | AD6: 0 | AE6: 0 | AF6: 0 | AG6: 0 | AH6: 0 | AI6: 0 | AJ6: 0 | AK6: 0 | AL6: 0 | AM6: 0 | AN6: 0 | AO6: 0 | AP6: 0
A7: =A6-p_h | B7: 0 | C7: 0 | D7: 0 | E7: 0 | F7: 0 | G7: 0 | H7: 0 | I7: 0 | J7: 0 | K7: 0 | L7: 0 | M7: 0 | N7: 0 | O7: 0 | P7: 0 | Q7: 0 | R7: 0 | S7: 0 | T7: 0 | U7: 0 | V7: 0 | W7: 0 | X7: 0 | Y7: 0 | Z7: 0 | AA7: 0 | AB7: 0 | AC7: 0 | AD7: 0 | AE7: 0 | AF7: 0 | AG7: 0 | AH7: 0 | AI7: 0 | AJ7: 0 | AK7: 0 | AL7: 0 | AM7: 0 | AN7: 0 | AO7: 0 | AP7: 0
A8: =A7-p_h | B8: 0 | C8: 0 | D8: 0 | E8: 0 | F8: 0 | G8: 0 | H8: 0 | I8: 0 | J8: 0 | K8: 0 | L8: 0 | M8: 0 | N8: 0 | O8: 0 | P8: 0 | Q8: 0 | R8: 0 | S8: 0 | T8: 0 | U8: 0 | V8: 0 | W8: 0 | X8: 0 | Y8: 0 | Z8: 0 | AA8: 0 | AB8: 0 | AC8: 0 | AD8: 0 | AE8: 0 | AF8: 0 | AG8: 0 | AH8: 0 | AI8: 0 | AJ8: 0 | AK8: 0 | AL8: 0 | AM8: 0 | AN8: 0 | AO8: 0 | AP8: 0
A9: =A8-p_h | B9: 0 | C9: 0 | D9: 0 | E9: 0 | F9: 0 | G9: 0 | H9: 0 | I9: 0 | J9: 0 | K9: 0 | L9: 0 | M9: 0 | N9: 0 | O9: 0 | P9: 0 | Q9: 0 | R9: 0 | S9: 0 | T9: 0 | U9: 0 | V9: 0 | W9: 0 | X9: 0 | Y9: 0 | Z9: 0 | AA9: 0 | AB9: 0 | AC9: 0 | AD9: 0 | AE9: 0 | AF9: 0 | AG9: 0 | AH9: 0 | AI9: 0 | AJ9: 0 | AK9: 0 | AL9: 0 | AM9: 0 | AN9: 0 | AO9: 0 | AP9: 0
A10: =A9-p_h | B10: 0 | C10: 0 | D10: 0 | E10: 0 | F10: 0 | G10: 0 | H10: 0 | I10: 0 | J10: 0 | K10: 0 | L10: 0 | M10: 0 | N10: 0 | O10: 0 | P10: 0 | Q10: 0 | R10: 0 | S10: 0 | T10: 0 | U10: 0 | V10: 0 | W10: 0 | X10: 0 | Y10: 0 | Z10: 0 | AA10: 0 | AB10: 0 | AC10: 0 | AD10: 0 | AE10: 0 | AF10: 0 | AG10: 0 | AH10: 0 | AI10: 0 | AJ10: 0 | AK10: 0 | AL10: 0 | AM10: 0 | AN10: 0 | AO10: 0 | AP10: 0
A11: =A10-p_h | B11: 0 | C11: 0 | D11: 0 | E11: 0 | F11: 0 | G11: 0 | H11: 0 | I11: 0 | J11: 0 | K11: 0 | L11: 0 | M11: 0 | N11: 0 | O11: 0 | P11: 0 | Q11: 0 | R11: 0 | S11: 0 | T11: 0 | U11: 0 | V11: 0 | W11: 0 | X11: 0 | Y11: 0 | Z11: 0 | AA11: 0 | AB11: 0 | AC11: 0 | AD11: 0 | AE11: 0 | AF11: 0 | AG11: 0 | AH11: 0 | AI11: 0 | AJ11: 0 | AK11: 0 | AL11: 0 | AM11: 0 | AN11: 0 | AO11: 0 | AP11: 0
A12: =A11-p_h | B12: 0 | C12: 0 | D12: 0 | E12: 0 | F12: 0 | G12: 0 | H12: 0 | I12: 0 | J12: 0 | K12: 0 | L12: 0 | M12: 0 | N12: 0 | O12: 0 | P12: 0 | Q12: 0 | R12: 0 | S12: 0 | T12: 0 | U12: 0 | V12: 0 | W12: 0 | X12: 0 | Y12: 0 | Z12: 0 | AA12: 0 | AB12: 0 | AC12: 0 | AD12: 0 | AE12: 0 | AF12: 0 | AG12: 0 | AH12: 0 | AI12: 0 | AJ12: 0 | AK12: 0 | AL12: 0 | AM12: 0 | AN12: 0 | AO12: 0 | AP12: 0
A13: =A12-p_h | B13: 0 | C13: 0 | D13: 0 | E13: 0 | F13: 0 | G13: 0 | H13: 0 | I13: 0 | J13: 0 | K13: 0 | L13: 0 | M13: 0 | N13: 0 | O13: 0 | P13: 0 | Q13: 0 | R13: 0 | S13: 0 | T13: 0 | U13: 0 | V13: 0 | W13: 0 | X13: 0 | Y13: 0 | Z13: 0 | AA13: 0 | AB13: 0 | AC13: 0 | AD13: 0 | AE13: 0 | AF13: 0 | AG13: 0 | AH13: 0 | AI13: 0 | AJ13: 0 | AK13: 0 | AL13: 0 | AM13: 0 | AN13: 0 | AO13: 0 | AP13: 0
A14: =A13-p_h | B14: 0 | C14: 0 | D14: 0 | E14: 0 | F14: 0 | G14: 0 | H14: 0 | I14: 0 | J14: 0 | K14: 0 | L14: 0 | M14: 0 | N14: 0 | O14: 0 | P14: 0 | Q14: 0 | R14: 0 | S14: 0 | T14: 0 | U14: 0 | V14: 0 | W14: 0 | X14: 0 | Y14: 0 | Z14: 0 | AA14: 0 | AB14: 0 | AC14: 0 | AD14: 0 | AE14: 0 | AF14: 0 | AG14: 0 | AH14: 0 | AI14: 0 | AJ14: 0 | AK14: 0 | AL14: 0 | AM14: 0 | AN14: 0 | AO14: 0 | AP14: 0
A15: =A14-p_h | B15: 0 | C15: 0 | D15: 0 | E15: 0 | F15: 0 | G15: 0 | H15: 0 | I15: 0 | J15: 0 | K15: 0 | L15: 0 | M15: 0 | N15: 0 | O15: 0 | P15: 0 | Q15: 0 | R15: 0 | S15: 0 | T15: 0 | U15: 0 | V15: 0 | W15: 0 | X15: 0 | Y15: 0 | Z15: 0 | AA15: 0 | AB15: 0 | AC15: 0 | AD15: 0 | AE15: 0 | AF15: 0 | AG15: 0 | AH15: 0 | AI15: 0 | AJ15: 0 | AK15: 0 | AL15: 0 | AM15: 0 | AN15: 0 | AO15: 0 | AP15: 0
... A23: =A22-p_h | B23: 0 | C23: 0 | D23: 0 | E23: 0 | F23: 0 | G23: 0 | H23: 0 | I23: 0 | J23: 0 | K23: 0 | L23: 0 | M23: 0 | N23: 0 | O23: 0 | P23: 1 | Q23: 1 | R23: 1 | S23: 1 | T23: 1 | U23: 1 | V23: 1 | W23: 1 | X23: 1 | Y23: 1 | Z23: 1 | AA23: 1 | AB23: 0 | AC23: 0 | AD23: 0 | AE23: 0 | AF23: 0 | AG23: 0 | AH23: 0 | AI23: 0 | AJ23: 0 | AK23: 0 | AL23: 0 | AM23: 0 | AN23: 0 | AO23: 0 | AP23: 0

Sheet Inputs
A1: 2D potential flow over a bump - inputs & monitors
A2: Blue on yellow = you may edit. Black = calculated by the workbook.
A4: RUN CONTROL
A5: Reset (1 = initialise, 0 = run) | B5: 0 | C5: Set to 1 to restore psi = U*y everywhere, then back to 0.
A6: FLOW
A7: Free-stream speed U [m/s] | B7: 1 | C7: Uniform inlet flow in +x
A8: Streamline spacing d(psi) | B8: 0.05 | C8: Dark bands on the Psi sheet are lines of constant psi
A9: GRID
A10: Nodes in x (NX) | B10: 41 | C10: Fixed by layout; re-run generate_workbooks.py to change
A11: Nodes in y (NY) | B11: 21 | C11: Channel height = 1 m, length = (NX-1)/(NY-1) m
A12: Grid spacing h [m] | B12: =1/(p_NY-1)
A13: MONITORS
A14: Max speed [m/s] | B14: =MAX(Speed!B3:AP23) | C14: Ideal flow accelerates over the bump crest
A15: Min speed (fluid only) [m/s] | B15: =MIN(Speed!B3:AP23) | C15: Low near the stagnation points ahead of / behind the bump
A16: Max |v| (vertical velocity) [m/s] | B16: =MAX(MAX(v_vel!B3:AP23),-MIN(v_vel!B3:AP23)) | C16: Vertical deflection of the stream; stops changing when converged

Sheet Psi
A1: Stream function psi (u = dpsi/dy, v = -dpsi/dx)
A2: y \ x | B2: 0 | C2: =B2+p_h | D2: =C2+p_h | E2: =D2+p_h | F2: =E2+p_h | G2: =F2+p_h | H2: =G2+p_h | I2: =H2+p_h | J2: =I2+p_h | ... AP2: =AO2+p_h
A3: =20*p_h | B3: =p_U*$A3 | C3: =p_U*$A3 | D3: =p_U*$A3 | E3: =p_U*$A3 | F3: =p_U*$A3 | G3: =p_U*$A3 | H3: =p_U*$A3 | I3: =p_U*$A3 | ... AP3: =p_U*$A3
A4: =A3-p_h | B4: =p_U*$A4 | C4: =IF(Mask!C4=1,0,IF(p_reset=1,p_U*$A4,0.25*(D4+B4+C3+C5))) | D4: =IF(Mask!D4=1,0,IF(p_reset=1,p_U*$A4,0.25*(E4+C4+D3+D5))) | E4: =IF(Mask!E4=1,0,IF(p_reset=1,p_U*$A4,0.25*(F4+D4+E3+E5))) | F4: =IF(Mask!F4=1,0,IF(p_reset=1,p_U*$A4,0.25*(G4+E4+F3+F5))) | G4: =IF(Mask!G4=1,0,IF(p_reset=1,p_U*$A4,0.25*(H4+F4+G3+G5))) | H4: =IF(Mask!H4=1,0,IF(p_reset=1,p_U*$A4,0.25*(I4+G4+H3+H5))) | I4: =IF(Mask!I4=1,0,IF(p_reset=1,p_U*$A4,0.25*(J4+H4+I3+I5))) | J4: =IF(Mask!J4=1,0,IF(p_reset=1,p_U*$A4,0.25*(K4+I4+J3+J5))) | ... AO4: =IF(Mask!AO4=1,0,IF(p_reset=1,p_U*$A4,0.25*(AP4+AN4+AO3+AO5))) | AP4: =IF(p_reset=1,p_U*$A4,AO4)
A5: =A4-p_h | B5: =p_U*$A5 | C5: =IF(Mask!C5=1,0,IF(p_reset=1,p_U*$A5,0.25*(D5+B5+C4+C6))) | D5: =IF(Mask!D5=1,0,IF(p_reset=1,p_U*$A5,0.25*(E5+C5+D4+D6))) | E5: =IF(Mask!E5=1,0,IF(p_reset=1,p_U*$A5,0.25*(F5+D5+E4+E6))) | F5: =IF(Mask!F5=1,0,IF(p_reset=1,p_U*$A5,0.25*(G5+E5+F4+F6))) | G5: =IF(Mask!G5=1,0,IF(p_reset=1,p_U*$A5,0.25*(H5+F5+G4+G6))) | H5: =IF(Mask!H5=1,0,IF(p_reset=1,p_U*$A5,0.25*(I5+G5+H4+H6))) | I5: =IF(Mask!I5=1,0,IF(p_reset=1,p_U*$A5,0.25*(J5+H5+I4+I6))) | J5: =IF(Mask!J5=1,0,IF(p_reset=1,p_U*$A5,0.25*(K5+I5+J4+J6))) | ... AO5: =IF(Mask!AO5=1,0,IF(p_reset=1,p_U*$A5,0.25*(AP5+AN5+AO4+AO6))) | AP5: =IF(p_reset=1,p_U*$A5,AO5)
A6: =A5-p_h | B6: =p_U*$A6 | C6: =IF(Mask!C6=1,0,IF(p_reset=1,p_U*$A6,0.25*(D6+B6+C5+C7))) | D6: =IF(Mask!D6=1,0,IF(p_reset=1,p_U*$A6,0.25*(E6+C6+D5+D7))) | E6: =IF(Mask!E6=1,0,IF(p_reset=1,p_U*$A6,0.25*(F6+D6+E5+E7))) | F6: =IF(Mask!F6=1,0,IF(p_reset=1,p_U*$A6,0.25*(G6+E6+F5+F7))) | G6: =IF(Mask!G6=1,0,IF(p_reset=1,p_U*$A6,0.25*(H6+F6+G5+G7))) | H6: =IF(Mask!H6=1,0,IF(p_reset=1,p_U*$A6,0.25*(I6+G6+H5+H7))) | I6: =IF(Mask!I6=1,0,IF(p_reset=1,p_U*$A6,0.25*(J6+H6+I5+I7))) | J6: =IF(Mask!J6=1,0,IF(p_reset=1,p_U*$A6,0.25*(K6+I6+J5+J7))) | ... AO6: =IF(Mask!AO6=1,0,IF(p_reset=1,p_U*$A6,0.25*(AP6+AN6+AO5+AO7))) | AP6: =IF(p_reset=1,p_U*$A6,AO6)
A7: =A6-p_h | B7: =p_U*$A7 | C7: =IF(Mask!C7=1,0,IF(p_reset=1,p_U*$A7,0.25*(D7+B7+C6+C8))) | D7: =IF(Mask!D7=1,0,IF(p_reset=1,p_U*$A7,0.25*(E7+C7+D6+D8))) | E7: =IF(Mask!E7=1,0,IF(p_reset=1,p_U*$A7,0.25*(F7+D7+E6+E8))) | F7: =IF(Mask!F7=1,0,IF(p_reset=1,p_U*$A7,0.25*(G7+E7+F6+F8))) | G7: =IF(Mask!G7=1,0,IF(p_reset=1,p_U*$A7,0.25*(H7+F7+G6+G8))) | H7: =IF(Mask!H7=1,0,IF(p_reset=1,p_U*$A7,0.25*(I7+G7+H6+H8))) | I7: =IF(Mask!I7=1,0,IF(p_reset=1,p_U*$A7,0.25*(J7+H7+I6+I8))) | J7: =IF(Mask!J7=1,0,IF(p_reset=1,p_U*$A7,0.25*(K7+I7+J6+J8))) | ... AO7: =IF(Mask!AO7=1,0,IF(p_reset=1,p_U*$A7,0.25*(AP7+AN7+AO6+AO8))) | AP7: =IF(p_reset=1,p_U*$A7,AO7)
A8: =A7-p_h | B8: =p_U*$A8 | C8: =IF(Mask!C8=1,0,IF(p_reset=1,p_U*$A8,0.25*(D8+B8+C7+C9))) | D8: =IF(Mask!D8=1,0,IF(p_reset=1,p_U*$A8,0.25*(E8+C8+D7+D9))) | E8: =IF(Mask!E8=1,0,IF(p_reset=1,p_U*$A8,0.25*(F8+D8+E7+E9))) | F8: =IF(Mask!F8=1,0,IF(p_reset=1,p_U*$A8,0.25*(G8+E8+F7+F9))) | G8: =IF(Mask!G8=1,0,IF(p_reset=1,p_U*$A8,0.25*(H8+F8+G7+G9))) | H8: =IF(Mask!H8=1,0,IF(p_reset=1,p_U*$A8,0.25*(I8+G8+H7+H9))) | I8: =IF(Mask!I8=1,0,IF(p_reset=1,p_U*$A8,0.25*(J8+H8+I7+I9))) | J8: =IF(Mask!J8=1,0,IF(p_reset=1,p_U*$A8,0.25*(K8+I8+J7+J9))) | ... AO8: =IF(Mask!AO8=1,0,IF(p_reset=1,p_U*$A8,0.25*(AP8+AN8+AO7+AO9))) | AP8: =IF(p_reset=1,p_U*$A8,AO8)
A9: =A8-p_h | B9: =p_U*$A9 | C9: =IF(Mask!C9=1,0,IF(p_reset=1,p_U*$A9,0.25*(D9+B9+C8+C10))) | D9: =IF(Mask!D9=1,0,IF(p_reset=1,p_U*$A9,0.25*(E9+C9+D8+D10))) | E9: =IF(Mask!E9=1,0,IF(p_reset=1,p_U*$A9,0.25*(F9+D9+E8+E10))) | F9: =IF(Mask!F9=1,0,IF(p_reset=1,p_U*$A9,0.25*(G9+E9+F8+F10))) | G9: =IF(Mask!G9=1,0,IF(p_reset=1,p_U*$A9,0.25*(H9+F9+G8+G10))) | H9: =IF(Mask!H9=1,0,IF(p_reset=1,p_U*$A9,0.25*(I9+G9+H8+H10))) | I9: =IF(Mask!I9=1,0,IF(p_reset=1,p_U*$A9,0.25*(J9+H9+I8+I10))) | J9: =IF(Mask!J9=1,0,IF(p_reset=1,p_U*$A9,0.25*(K9+I9+J8+J10))) | ... AO9: =IF(Mask!AO9=1,0,IF(p_reset=1,p_U*$A9,0.25*(AP9+AN9+AO8+AO10))) | AP9: =IF(p_reset=1,p_U*$A9,AO9)
A10: =A9-p_h | B10: =p_U*$A10 | C10: =IF(Mask!C10=1,0,IF(p_reset=1,p_U*$A10,0.25*(D10+B10+C9+C11))) | D10: =IF(Mask!D10=1,0,IF(p_reset=1,p_U*$A10,0.25*(E10+C10+D9+D11))) | E10: =IF(Mask!E10=1,0,IF(p_reset=1,p_U*$A10,0.25*(F10+D10+E9+E11))) | F10: =IF(Mask!F10=1,0,IF(p_reset=1,p_U*$A10,0.25*(G10+E10+F9+F11))) | G10: =IF(Mask!G10=1,0,IF(p_reset=1,p_U*$A10,0.25*(H10+F10+G9+G11))) | H10: =IF(Mask!H10=1,0,IF(p_reset=1,p_U*$A10,0.25*(I10+G10+H9+H11))) | I10: =IF(Mask!I10=1,0,IF(p_reset=1,p_U*$A10,0.25*(J10+H10+I9+I11))) | J10: =IF(Mask!J10=1,0,IF(p_reset=1,p_U*$A10,0.25*(K10+I10+J9+J11))) | ... AO10: =IF(Mask!AO10=1,0,IF(p_reset=1,p_U*$A10,0.25*(AP10+AN10+AO9+AO11))) | AP10: =IF(p_reset=1,p_U*$A10,AO10)
A11: =A10-p_h | B11: =p_U*$A11 | C11: =IF(Mask!C11=1,0,IF(p_reset=1,p_U*$A11,0.25*(D11+B11+C10+C12))) | D11: =IF(Mask!D11=1,0,IF(p_reset=1,p_U*$A11,0.25*(E11+C11+D10+D12))) | E11: =IF(Mask!E11=1,0,IF(p_reset=1,p_U*$A11,0.25*(F11+D11+E10+E12))) | F11: =IF(Mask!F11=1,0,IF(p_reset=1,p_U*$A11,0.25*(G11+E11+F10+F12))) | G11: =IF(Mask!G11=1,0,IF(p_reset=1,p_U*$A11,0.25*(H11+F11+G10+G12))) | H11: =IF(Mask!H11=1,0,IF(p_reset=1,p_U*$A11,0.25*(I11+G11+H10+H12))) | I11: =IF(Mask!I11=1,0,IF(p_reset=1,p_U*$A11,0.25*(J11+H11+I10+I12))) | J11: =IF(Mask!J11=1,0,IF(p_reset=1,p_U*$A11,0.25*(K11+I11+J10+J12))) | ... AO11: =IF(Mask!AO11=1,0,IF(p_reset=1,p_U*$A11,0.25*(AP11+AN11+AO10+AO12))) | AP11: =IF(p_reset=1,p_U*$A11,AO11)
A12: =A11-p_h | B12: =p_U*$A12 | C12: =IF(Mask!C12=1,0,IF(p_reset=1,p_U*$A12,0.25*(D12+B12+C11+C13))) | D12: =IF(Mask!D12=1,0,IF(p_reset=1,p_U*$A12,0.25*(E12+C12+D11+D13))) | E12: =IF(Mask!E12=1,0,IF(p_reset=1,p_U*$A12,0.25*(F12+D12+E11+E13))) | F12: =IF(Mask!F12=1,0,IF(p_reset=1,p_U*$A12,0.25*(G12+E12+F11+F13))) | G12: =IF(Mask!G12=1,0,IF(p_reset=1,p_U*$A12,0.25*(H12+F12+G11+G13))) | H12: =IF(Mask!H12=1,0,IF(p_reset=1,p_U*$A12,0.25*(I12+G12+H11+H13))) | I12: =IF(Mask!I12=1,0,IF(p_reset=1,p_U*$A12,0.25*(J12+H12+I11+I13))) | J12: =IF(Mask!J12=1,0,IF(p_reset=1,p_U*$A12,0.25*(K12+I12+J11+J13))) | ... AO12: =IF(Mask!AO12=1,0,IF(p_reset=1,p_U*$A12,0.25*(AP12+AN12+AO11+AO13))) | AP12: =IF(p_reset=1,p_U*$A12,AO12)
A13: =A12-p_h | B13: =p_U*$A13 | C13: =IF(Mask!C13=1,0,IF(p_reset=1,p_U*$A13,0.25*(D13+B13+C12+C14))) | D13: =IF(Mask!D13=1,0,IF(p_reset=1,p_U*$A13,0.25*(E13+C13+D12+D14))) | E13: =IF(Mask!E13=1,0,IF(p_reset=1,p_U*$A13,0.25*(F13+D13+E12+E14))) | F13: =IF(Mask!F13=1,0,IF(p_reset=1,p_U*$A13,0.25*(G13+E13+F12+F14))) | G13: =IF(Mask!G13=1,0,IF(p_reset=1,p_U*$A13,0.25*(H13+F13+G12+G14))) | H13: =IF(Mask!H13=1,0,IF(p_reset=1,p_U*$A13,0.25*(I13+G13+H12+H14))) | I13: =IF(Mask!I13=1,0,IF(p_reset=1,p_U*$A13,0.25*(J13+H13+I12+I14))) | J13: =IF(Mask!J13=1,0,IF(p_reset=1,p_U*$A13,0.25*(K13+I13+J12+J14))) | ... AO13: =IF(Mask!AO13=1,0,IF(p_reset=1,p_U*$A13,0.25*(AP13+AN13+AO12+AO14))) | AP13: =IF(p_reset=1,p_U*$A13,AO13)
A14: =A13-p_h | B14: =p_U*$A14 | C14: =IF(Mask!C14=1,0,IF(p_reset=1,p_U*$A14,0.25*(D14+B14+C13+C15))) | D14: =IF(Mask!D14=1,0,IF(p_reset=1,p_U*$A14,0.25*(E14+C14+D13+D15))) | E14: =IF(Mask!E14=1,0,IF(p_reset=1,p_U*$A14,0.25*(F14+D14+E13+E15))) | F14: =IF(Mask!F14=1,0,IF(p_reset=1,p_U*$A14,0.25*(G14+E14+F13+F15))) | G14: =IF(Mask!G14=1,0,IF(p_reset=1,p_U*$A14,0.25*(H14+F14+G13+G15))) | H14: =IF(Mask!H14=1,0,IF(p_reset=1,p_U*$A14,0.25*(I14+G14+H13+H15))) | I14: =IF(Mask!I14=1,0,IF(p_reset=1,p_U*$A14,0.25*(J14+H14+I13+I15))) | J14: =IF(Mask!J14=1,0,IF(p_reset=1,p_U*$A14,0.25*(K14+I14+J13+J15))) | ... AO14: =IF(Mask!AO14=1,0,IF(p_reset=1,p_U*$A14,0.25*(AP14+AN14+AO13+AO15))) | AP14: =IF(p_reset=1,p_U*$A14,AO14)
A15: =A14-p_h | B15: =p_U*$A15 | C15: =IF(Mask!C15=1,0,IF(p_reset=1,p_U*$A15,0.25*(D15+B15+C14+C16))) | D15: =IF(Mask!D15=1,0,IF(p_reset=1,p_U*$A15,0.25*(E15+C15+D14+D16))) | E15: =IF(Mask!E15=1,0,IF(p_reset=1,p_U*$A15,0.25*(F15+D15+E14+E16))) | F15: =IF(Mask!F15=1,0,IF(p_reset=1,p_U*$A15,0.25*(G15+E15+F14+F16))) | G15: =IF(Mask!G15=1,0,IF(p_reset=1,p_U*$A15,0.25*(H15+F15+G14+G16))) | H15: =IF(Mask!H15=1,0,IF(p_reset=1,p_U*$A15,0.25*(I15+G15+H14+H16))) | I15: =IF(Mask!I15=1,0,IF(p_reset=1,p_U*$A15,0.25*(J15+H15+I14+I16))) | J15: =IF(Mask!J15=1,0,IF(p_reset=1,p_U*$A15,0.25*(K15+I15+J14+J16))) | ... AO15: =IF(Mask!AO15=1,0,IF(p_reset=1,p_U*$A15,0.25*(AP15+AN15+AO14+AO16))) | AP15: =IF(p_reset=1,p_U*$A15,AO15)
... A22: =A21-p_h | B22: =p_U*$A22 | C22: =IF(Mask!C22=1,0,IF(p_reset=1,p_U*$A22,0.25*(D22+B22+C21+C23))) | D22: =IF(Mask!D22=1,0,IF(p_reset=1,p_U*$A22,0.25*(E22+C22+D21+D23))) | E22: =IF(Mask!E22=1,0,IF(p_reset=1,p_U*$A22,0.25*(F22+D22+E21+E23))) | F22: =IF(Mask!F22=1,0,IF(p_reset=1,p_U*$A22,0.25*(G22+E22+F21+F23))) | G22: =IF(Mask!G22=1,0,IF(p_reset=1,p_U*$A22,0.25*(H22+F22+G21+G23))) | H22: =IF(Mask!H22=1,0,IF(p_reset=1,p_U*$A22,0.25*(I22+G22+H21+H23))) | I22: =IF(Mask!I22=1,0,IF(p_reset=1,p_U*$A22,0.25*(J22+H22+I21+I23))) | J22: =IF(Mask!J22=1,0,IF(p_reset=1,p_U*$A22,0.25*(K22+I22+J21+J23))) | ... AO22: =IF(Mask!AO22=1,0,IF(p_reset=1,p_U*$A22,0.25*(AP22+AN22+AO21+AO23))) | AP22: =IF(p_reset=1,p_U*$A22,AO22)
A23: =A22-p_h | B23: 0 | C23: 0 | D23: 0 | E23: 0 | F23: 0 | G23: 0 | H23: 0 | I23: 0 | J23: 0 | K23: 0 | L23: 0 | M23: 0 | N23: 0 | O23: 0 | P23: 0 | Q23: 0 | R23: 0 | S23: 0 | T23: 0 | U23: 0 | V23: 0 | W23: 0 | X23: 0 | Y23: 0 | Z23: 0 | AA23: 0 | AB23: 0 | AC23: 0 | AD23: 0 | AE23: 0 | AF23: 0 | AG23: 0 | AH23: 0 | AI23: 0 | AJ23: 0 | AK23: 0 | AL23: 0 | AM23: 0 | AN23: 0 | AO23: 0 | AP23: 0

Sheet u_vel
A1: Horizontal velocity u [m/s]
A2: y \ x | B2: 0 | C2: =B2+p_h | D2: =C2+p_h | E2: =D2+p_h | F2: =E2+p_h | G2: =F2+p_h | H2: =G2+p_h | I2: =H2+p_h | J2: =I2+p_h | ... AP2: =AO2+p_h
A3: =20*p_h | B3: =IF(Mask!B3=1,0,(Psi!B3-Psi!B4)/p_h) | C3: =IF(Mask!C3=1,0,(Psi!C3-Psi!C4)/p_h) | D3: =IF(Mask!D3=1,0,(Psi!D3-Psi!D4)/p_h) | E3: =IF(Mask!E3=1,0,(Psi!E3-Psi!E4)/p_h) | F3: =IF(Mask!F3=1,0,(Psi!F3-Psi!F4)/p_h) | G3: =IF(Mask!G3=1,0,(Psi!G3-Psi!G4)/p_h) | H3: =IF(Mask!H3=1,0,(Psi!H3-Psi!H4)/p_h) | I3: =IF(Mask!I3=1,0,(Psi!I3-Psi!I4)/p_h) | ... AP3: =IF(Mask!AP3=1,0,(Psi!AP3-Psi!AP4)/p_h)
A4: =A3-p_h | B4: =IF(Mask!B4=1,0,(Psi!B3-Psi!B5)/(2*p_h)) | C4: =IF(Mask!C4=1,0,(Psi!C3-Psi!C5)/(2*p_h)) | D4: =IF(Mask!D4=1,0,(Psi!D3-Psi!D5)/(2*p_h)) | E4: =IF(Mask!E4=1,0,(Psi!E3-Psi!E5)/(2*p_h)) | F4: =IF(Mask!F4=1,0,(Psi!F3-Psi!F5)/(2*p_h)) | G4: =IF(Mask!G4=1,0,(Psi!G3-Psi!G5)/(2*p_h)) | H4: =IF(Mask!H4=1,0,(Psi!H3-Psi!H5)/(2*p_h)) | I4: =IF(Mask!I4=1,0,(Psi!I3-Psi!I5)/(2*p_h)) | ... AP4: =IF(Mask!AP4=1,0,(Psi!AP3-Psi!AP5)/(2*p_h))
A5: =A4-p_h | B5: =IF(Mask!B5=1,0,(Psi!B4-Psi!B6)/(2*p_h)) | C5: =IF(Mask!C5=1,0,(Psi!C4-Psi!C6)/(2*p_h)) | D5: =IF(Mask!D5=1,0,(Psi!D4-Psi!D6)/(2*p_h)) | E5: =IF(Mask!E5=1,0,(Psi!E4-Psi!E6)/(2*p_h)) | F5: =IF(Mask!F5=1,0,(Psi!F4-Psi!F6)/(2*p_h)) | G5: =IF(Mask!G5=1,0,(Psi!G4-Psi!G6)/(2*p_h)) | H5: =IF(Mask!H5=1,0,(Psi!H4-Psi!H6)/(2*p_h)) | I5: =IF(Mask!I5=1,0,(Psi!I4-Psi!I6)/(2*p_h)) | ... AP5: =IF(Mask!AP5=1,0,(Psi!AP4-Psi!AP6)/(2*p_h))
A6: =A5-p_h | B6: =IF(Mask!B6=1,0,(Psi!B5-Psi!B7)/(2*p_h)) | C6: =IF(Mask!C6=1,0,(Psi!C5-Psi!C7)/(2*p_h)) | D6: =IF(Mask!D6=1,0,(Psi!D5-Psi!D7)/(2*p_h)) | E6: =IF(Mask!E6=1,0,(Psi!E5-Psi!E7)/(2*p_h)) | F6: =IF(Mask!F6=1,0,(Psi!F5-Psi!F7)/(2*p_h)) | G6: =IF(Mask!G6=1,0,(Psi!G5-Psi!G7)/(2*p_h)) | H6: =IF(Mask!H6=1,0,(Psi!H5-Psi!H7)/(2*p_h)) | I6: =IF(Mask!I6=1,0,(Psi!I5-Psi!I7)/(2*p_h)) | ... AP6: =IF(Mask!AP6=1,0,(Psi!AP5-Psi!AP7)/(2*p_h))
A7: =A6-p_h | B7: =IF(Mask!B7=1,0,(Psi!B6-Psi!B8)/(2*p_h)) | C7: =IF(Mask!C7=1,0,(Psi!C6-Psi!C8)/(2*p_h)) | D7: =IF(Mask!D7=1,0,(Psi!D6-Psi!D8)/(2*p_h)) | E7: =IF(Mask!E7=1,0,(Psi!E6-Psi!E8)/(2*p_h)) | F7: =IF(Mask!F7=1,0,(Psi!F6-Psi!F8)/(2*p_h)) | G7: =IF(Mask!G7=1,0,(Psi!G6-Psi!G8)/(2*p_h)) | H7: =IF(Mask!H7=1,0,(Psi!H6-Psi!H8)/(2*p_h)) | I7: =IF(Mask!I7=1,0,(Psi!I6-Psi!I8)/(2*p_h)) | ... AP7: =IF(Mask!AP7=1,0,(Psi!AP6-Psi!AP8)/(2*p_h))
A8: =A7-p_h | B8: =IF(Mask!B8=1,0,(Psi!B7-Psi!B9)/(2*p_h)) | C8: =IF(Mask!C8=1,0,(Psi!C7-Psi!C9)/(2*p_h)) | D8: =IF(Mask!D8=1,0,(Psi!D7-Psi!D9)/(2*p_h)) | E8: =IF(Mask!E8=1,0,(Psi!E7-Psi!E9)/(2*p_h)) | F8: =IF(Mask!F8=1,0,(Psi!F7-Psi!F9)/(2*p_h)) | G8: =IF(Mask!G8=1,0,(Psi!G7-Psi!G9)/(2*p_h)) | H8: =IF(Mask!H8=1,0,(Psi!H7-Psi!H9)/(2*p_h)) | I8: =IF(Mask!I8=1,0,(Psi!I7-Psi!I9)/(2*p_h)) | ... AP8: =IF(Mask!AP8=1,0,(Psi!AP7-Psi!AP9)/(2*p_h))
A9: =A8-p_h | B9: =IF(Mask!B9=1,0,(Psi!B8-Psi!B10)/(2*p_h)) | C9: =IF(Mask!C9=1,0,(Psi!C8-Psi!C10)/(2*p_h)) | D9: =IF(Mask!D9=1,0,(Psi!D8-Psi!D10)/(2*p_h)) | E9: =IF(Mask!E9=1,0,(Psi!E8-Psi!E10)/(2*p_h)) | F9: =IF(Mask!F9=1,0,(Psi!F8-Psi!F10)/(2*p_h)) | G9: =IF(Mask!G9=1,0,(Psi!G8-Psi!G10)/(2*p_h)) | H9: =IF(Mask!H9=1,0,(Psi!H8-Psi!H10)/(2*p_h)) | I9: =IF(Mask!I9=1,0,(Psi!I8-Psi!I10)/(2*p_h)) | ... AP9: =IF(Mask!AP9=1,0,(Psi!AP8-Psi!AP10)/(2*p_h))
A10: =A9-p_h | B10: =IF(Mask!B10=1,0,(Psi!B9-Psi!B11)/(2*p_h)) | C10: =IF(Mask!C10=1,0,(Psi!C9-Psi!C11)/(2*p_h)) | D10: =IF(Mask!D10=1,0,(Psi!D9-Psi!D11)/(2*p_h)) | E10: =IF(Mask!E10=1,0,(Psi!E9-Psi!E11)/(2*p_h)) | F10: =IF(Mask!F10=1,0,(Psi!F9-Psi!F11)/(2*p_h)) | G10: =IF(Mask!G10=1,0,(Psi!G9-Psi!G11)/(2*p_h)) | H10: =IF(Mask!H10=1,0,(Psi!H9-Psi!H11)/(2*p_h)) | I10: =IF(Mask!I10=1,0,(Psi!I9-Psi!I11)/(2*p_h)) | ... AP10: =IF(Mask!AP10=1,0,(Psi!AP9-Psi!AP11)/(2*p_h))
A11: =A10-p_h | B11: =IF(Mask!B11=1,0,(Psi!B10-Psi!B12)/(2*p_h)) | C11: =IF(Mask!C11=1,0,(Psi!C10-Psi!C12)/(2*p_h)) | D11: =IF(Mask!D11=1,0,(Psi!D10-Psi!D12)/(2*p_h)) | E11: =IF(Mask!E11=1,0,(Psi!E10-Psi!E12)/(2*p_h)) | F11: =IF(Mask!F11=1,0,(Psi!F10-Psi!F12)/(2*p_h)) | G11: =IF(Mask!G11=1,0,(Psi!G10-Psi!G12)/(2*p_h)) | H11: =IF(Mask!H11=1,0,(Psi!H10-Psi!H12)/(2*p_h)) | I11: =IF(Mask!I11=1,0,(Psi!I10-Psi!I12)/(2*p_h)) | ... AP11: =IF(Mask!AP11=1,0,(Psi!AP10-Psi!AP12)/(2*p_h))
A12: =A11-p_h | B12: =IF(Mask!B12=1,0,(Psi!B11-Psi!B13)/(2*p_h)) | C12: =IF(Mask!C12=1,0,(Psi!C11-Psi!C13)/(2*p_h)) | D12: =IF(Mask!D12=1,0,(Psi!D11-Psi!D13)/(2*p_h)) | E12: =IF(Mask!E12=1,0,(Psi!E11-Psi!E13)/(2*p_h)) | F12: =IF(Mask!F12=1,0,(Psi!F11-Psi!F13)/(2*p_h)) | G12: =IF(Mask!G12=1,0,(Psi!G11-Psi!G13)/(2*p_h)) | H12: =IF(Mask!H12=1,0,(Psi!H11-Psi!H13)/(2*p_h)) | I12: =IF(Mask!I12=1,0,(Psi!I11-Psi!I13)/(2*p_h)) | ... AP12: =IF(Mask!AP12=1,0,(Psi!AP11-Psi!AP13)/(2*p_h))
A13: =A12-p_h | B13: =IF(Mask!B13=1,0,(Psi!B12-Psi!B14)/(2*p_h)) | C13: =IF(Mask!C13=1,0,(Psi!C12-Psi!C14)/(2*p_h)) | D13: =IF(Mask!D13=1,0,(Psi!D12-Psi!D14)/(2*p_h)) | E13: =IF(Mask!E13=1,0,(Psi!E12-Psi!E14)/(2*p_h)) | F13: =IF(Mask!F13=1,0,(Psi!F12-Psi!F14)/(2*p_h)) | G13: =IF(Mask!G13=1,0,(Psi!G12-Psi!G14)/(2*p_h)) | H13: =IF(Mask!H13=1,0,(Psi!H12-Psi!H14)/(2*p_h)) | I13: =IF(Mask!I13=1,0,(Psi!I12-Psi!I14)/(2*p_h)) | ... AP13: =IF(Mask!AP13=1,0,(Psi!AP12-Psi!AP14)/(2*p_h))
A14: =A13-p_h | B14: =IF(Mask!B14=1,0,(Psi!B13-Psi!B15)/(2*p_h)) | C14: =IF(Mask!C14=1,0,(Psi!C13-Psi!C15)/(2*p_h)) | D14: =IF(Mask!D14=1,0,(Psi!D13-Psi!D15)/(2*p_h)) | E14: =IF(Mask!E14=1,0,(Psi!E13-Psi!E15)/(2*p_h)) | F14: =IF(Mask!F14=1,0,(Psi!F13-Psi!F15)/(2*p_h)) | G14: =IF(Mask!G14=1,0,(Psi!G13-Psi!G15)/(2*p_h)) | H14: =IF(Mask!H14=1,0,(Psi!H13-Psi!H15)/(2*p_h)) | I14: =IF(Mask!I14=1,0,(Psi!I13-Psi!I15)/(2*p_h)) | ... AP14: =IF(Mask!AP14=1,0,(Psi!AP13-Psi!AP15)/(2*p_h))
A15: =A14-p_h | B15: =IF(Mask!B15=1,0,(Psi!B14-Psi!B16)/(2*p_h)) | C15: =IF(Mask!C15=1,0,(Psi!C14-Psi!C16)/(2*p_h)) | D15: =IF(Mask!D15=1,0,(Psi!D14-Psi!D16)/(2*p_h)) | E15: =IF(Mask!E15=1,0,(Psi!E14-Psi!E16)/(2*p_h)) | F15: =IF(Mask!F15=1,0,(Psi!F14-Psi!F16)/(2*p_h)) | G15: =IF(Mask!G15=1,0,(Psi!G14-Psi!G16)/(2*p_h)) | H15: =IF(Mask!H15=1,0,(Psi!H14-Psi!H16)/(2*p_h)) | I15: =IF(Mask!I15=1,0,(Psi!I14-Psi!I16)/(2*p_h)) | ... AP15: =IF(Mask!AP15=1,0,(Psi!AP14-Psi!AP16)/(2*p_h))
... A22: =A21-p_h | B22: =IF(Mask!B22=1,0,(Psi!B21-Psi!B23)/(2*p_h)) | C22: =IF(Mask!C22=1,0,(Psi!C21-Psi!C23)/(2*p_h)) | D22: =IF(Mask!D22=1,0,(Psi!D21-Psi!D23)/(2*p_h)) | E22: =IF(Mask!E22=1,0,(Psi!E21-Psi!E23)/(2*p_h)) | F22: =IF(Mask!F22=1,0,(Psi!F21-Psi!F23)/(2*p_h)) | G22: =IF(Mask!G22=1,0,(Psi!G21-Psi!G23)/(2*p_h)) | H22: =IF(Mask!H22=1,0,(Psi!H21-Psi!H23)/(2*p_h)) | I22: =IF(Mask!I22=1,0,(Psi!I21-Psi!I23)/(2*p_h)) | ... AP22: =IF(Mask!AP22=1,0,(Psi!AP21-Psi!AP23)/(2*p_h))
A23: =A22-p_h | B23: =IF(Mask!B23=1,0,(Psi!B22-Psi!B23)/p_h) | C23: =IF(Mask!C23=1,0,(Psi!C22-Psi!C23)/p_h) | D23: =IF(Mask!D23=1,0,(Psi!D22-Psi!D23)/p_h) | E23: =IF(Mask!E23=1,0,(Psi!E22-Psi!E23)/p_h) | F23: =IF(Mask!F23=1,0,(Psi!F22-Psi!F23)/p_h) | G23: =IF(Mask!G23=1,0,(Psi!G22-Psi!G23)/p_h) | H23: =IF(Mask!H23=1,0,(Psi!H22-Psi!H23)/p_h) | I23: =IF(Mask!I23=1,0,(Psi!I22-Psi!I23)/p_h) | ... AP23: =IF(Mask!AP23=1,0,(Psi!AP22-Psi!AP23)/p_h)

Sheet v_vel
A1: Vertical velocity v [m/s]
A2: y \ x | B2: 0 | C2: =B2+p_h | D2: =C2+p_h | E2: =D2+p_h | F2: =E2+p_h | G2: =F2+p_h | H2: =G2+p_h | I2: =H2+p_h | J2: =I2+p_h | ... AP2: =AO2+p_h
A3: =20*p_h | B3: =IF(Mask!B3=1,0,-(Psi!C3-Psi!B3)/p_h) | C3: =IF(Mask!C3=1,0,-(Psi!D3-Psi!B3)/(2*p_h)) | D3: =IF(Mask!D3=1,0,-(Psi!E3-Psi!C3)/(2*p_h)) | E3: =IF(Mask!E3=1,0,-(Psi!F3-Psi!D3)/(2*p_h)) | F3: =IF(Mask!F3=1,0,-(Psi!G3-Psi!E3)/(2*p_h)) | G3: =IF(Mask!G3=1,0,-(Psi!H3-Psi!F3)/(2*p_h)) | H3: =IF(Mask!H3=1,0,-(Psi!I3-Psi!G3)/(2*p_h)) | I3: =IF(Mask!I3=1,0,-(Psi!J3-Psi!H3)/(2*p_h)) | J3: =IF(Mask!J3=1,0,-(Psi!K3-Psi!I3)/(2*p_h)) | ... AO3: =IF(Mask!AO3=1,0,-(Psi!AP3-Psi!AN3)/(2*p_h)) | AP3: =IF(Mask!AP3=1,0,-(Psi!AP3-Psi!AO3)/p_h)
A4: =A3-p_h | B4: =IF(Mask!B4=1,0,-(Psi!C4-Psi!B4)/p_h) | C4: =IF(Mask!C4=1,0,-(Psi!D4-Psi!B4)/(2*p_h)) | D4: =IF(Mask!D4=1,0,-(Psi!E4-Psi!C4)/(2*p_h)) | E4: =IF(Mask!E4=1,0,-(Psi!F4-Psi!D4)/(2*p_h)) | F4: =IF(Mask!F4=1,0,-(Psi!G4-Psi!E4)/(2*p_h)) | G4: =IF(Mask!G4=1,0,-(Psi!H4-Psi!F4)/(2*p_h)) | H4: =IF(Mask!H4=1,0,-(Psi!I4-Psi!G4)/(2*p_h)) | I4: =IF(Mask!I4=1,0,-(Psi!J4-Psi!H4)/(2*p_h)) | J4: =IF(Mask!J4=1,0,-(Psi!K4-Psi!I4)/(2*p_h)) | ... AO4: =IF(Mask!AO4=1,0,-(Psi!AP4-Psi!AN4)/(2*p_h)) | AP4: =IF(Mask!AP4=1,0,-(Psi!AP4-Psi!AO4)/p_h)
A5: =A4-p_h | B5: =IF(Mask!B5=1,0,-(Psi!C5-Psi!B5)/p_h) | C5: =IF(Mask!C5=1,0,-(Psi!D5-Psi!B5)/(2*p_h)) | D5: =IF(Mask!D5=1,0,-(Psi!E5-Psi!C5)/(2*p_h)) | E5: =IF(Mask!E5=1,0,-(Psi!F5-Psi!D5)/(2*p_h)) | F5: =IF(Mask!F5=1,0,-(Psi!G5-Psi!E5)/(2*p_h)) | G5: =IF(Mask!G5=1,0,-(Psi!H5-Psi!F5)/(2*p_h)) | H5: =IF(Mask!H5=1,0,-(Psi!I5-Psi!G5)/(2*p_h)) | I5: =IF(Mask!I5=1,0,-(Psi!J5-Psi!H5)/(2*p_h)) | J5: =IF(Mask!J5=1,0,-(Psi!K5-Psi!I5)/(2*p_h)) | ... AO5: =IF(Mask!AO5=1,0,-(Psi!AP5-Psi!AN5)/(2*p_h)) | AP5: =IF(Mask!AP5=1,0,-(Psi!AP5-Psi!AO5)/p_h)
A6: =A5-p_h | B6: =IF(Mask!B6=1,0,-(Psi!C6-Psi!B6)/p_h) | C6: =IF(Mask!C6=1,0,-(Psi!D6-Psi!B6)/(2*p_h)) | D6: =IF(Mask!D6=1,0,-(Psi!E6-Psi!C6)/(2*p_h)) | E6: =IF(Mask!E6=1,0,-(Psi!F6-Psi!D6)/(2*p_h)) | F6: =IF(Mask!F6=1,0,-(Psi!G6-Psi!E6)/(2*p_h)) | G6: =IF(Mask!G6=1,0,-(Psi!H6-Psi!F6)/(2*p_h)) | H6: =IF(Mask!H6=1,0,-(Psi!I6-Psi!G6)/(2*p_h)) | I6: =IF(Mask!I6=1,0,-(Psi!J6-Psi!H6)/(2*p_h)) | J6: =IF(Mask!J6=1,0,-(Psi!K6-Psi!I6)/(2*p_h)) | ... AO6: =IF(Mask!AO6=1,0,-(Psi!AP6-Psi!AN6)/(2*p_h)) | AP6: =IF(Mask!AP6=1,0,-(Psi!AP6-Psi!AO6)/p_h)
A7: =A6-p_h | B7: =IF(Mask!B7=1,0,-(Psi!C7-Psi!B7)/p_h) | C7: =IF(Mask!C7=1,0,-(Psi!D7-Psi!B7)/(2*p_h)) | D7: =IF(Mask!D7=1,0,-(Psi!E7-Psi!C7)/(2*p_h)) | E7: =IF(Mask!E7=1,0,-(Psi!F7-Psi!D7)/(2*p_h)) | F7: =IF(Mask!F7=1,0,-(Psi!G7-Psi!E7)/(2*p_h)) | G7: =IF(Mask!G7=1,0,-(Psi!H7-Psi!F7)/(2*p_h)) | H7: =IF(Mask!H7=1,0,-(Psi!I7-Psi!G7)/(2*p_h)) | I7: =IF(Mask!I7=1,0,-(Psi!J7-Psi!H7)/(2*p_h)) | J7: =IF(Mask!J7=1,0,-(Psi!K7-Psi!I7)/(2*p_h)) | ... AO7: =IF(Mask!AO7=1,0,-(Psi!AP7-Psi!AN7)/(2*p_h)) | AP7: =IF(Mask!AP7=1,0,-(Psi!AP7-Psi!AO7)/p_h)
A8: =A7-p_h | B8: =IF(Mask!B8=1,0,-(Psi!C8-Psi!B8)/p_h) | C8: =IF(Mask!C8=1,0,-(Psi!D8-Psi!B8)/(2*p_h)) | D8: =IF(Mask!D8=1,0,-(Psi!E8-Psi!C8)/(2*p_h)) | E8: =IF(Mask!E8=1,0,-(Psi!F8-Psi!D8)/(2*p_h)) | F8: =IF(Mask!F8=1,0,-(Psi!G8-Psi!E8)/(2*p_h)) | G8: =IF(Mask!G8=1,0,-(Psi!H8-Psi!F8)/(2*p_h)) | H8: =IF(Mask!H8=1,0,-(Psi!I8-Psi!G8)/(2*p_h)) | I8: =IF(Mask!I8=1,0,-(Psi!J8-Psi!H8)/(2*p_h)) | J8: =IF(Mask!J8=1,0,-(Psi!K8-Psi!I8)/(2*p_h)) | ... AO8: =IF(Mask!AO8=1,0,-(Psi!AP8-Psi!AN8)/(2*p_h)) | AP8: =IF(Mask!AP8=1,0,-(Psi!AP8-Psi!AO8)/p_h)
A9: =A8-p_h | B9: =IF(Mask!B9=1,0,-(Psi!C9-Psi!B9)/p_h) | C9: =IF(Mask!C9=1,0,-(Psi!D9-Psi!B9)/(2*p_h)) | D9: =IF(Mask!D9=1,0,-(Psi!E9-Psi!C9)/(2*p_h)) | E9: =IF(Mask!E9=1,0,-(Psi!F9-Psi!D9)/(2*p_h)) | F9: =IF(Mask!F9=1,0,-(Psi!G9-Psi!E9)/(2*p_h)) | G9: =IF(Mask!G9=1,0,-(Psi!H9-Psi!F9)/(2*p_h)) | H9: =IF(Mask!H9=1,0,-(Psi!I9-Psi!G9)/(2*p_h)) | I9: =IF(Mask!I9=1,0,-(Psi!J9-Psi!H9)/(2*p_h)) | J9: =IF(Mask!J9=1,0,-(Psi!K9-Psi!I9)/(2*p_h)) | ... AO9: =IF(Mask!AO9=1,0,-(Psi!AP9-Psi!AN9)/(2*p_h)) | AP9: =IF(Mask!AP9=1,0,-(Psi!AP9-Psi!AO9)/p_h)
A10: =A9-p_h | B10: =IF(Mask!B10=1,0,-(Psi!C10-Psi!B10)/p_h) | C10: =IF(Mask!C10=1,0,-(Psi!D10-Psi!B10)/(2*p_h)) | D10: =IF(Mask!D10=1,0,-(Psi!E10-Psi!C10)/(2*p_h)) | E10: =IF(Mask!E10=1,0,-(Psi!F10-Psi!D10)/(2*p_h)) | F10: =IF(Mask!F10=1,0,-(Psi!G10-Psi!E10)/(2*p_h)) | G10: =IF(Mask!G10=1,0,-(Psi!H10-Psi!F10)/(2*p_h)) | H10: =IF(Mask!H10=1,0,-(Psi!I10-Psi!G10)/(2*p_h)) | I10: =IF(Mask!I10=1,0,-(Psi!J10-Psi!H10)/(2*p_h)) | J10: =IF(Mask!J10=1,0,-(Psi!K10-Psi!I10)/(2*p_h)) | ... AO10: =IF(Mask!AO10=1,0,-(Psi!AP10-Psi!AN10)/(2*p_h)) | AP10: =IF(Mask!AP10=1,0,-(Psi!AP10-Psi!AO10)/p_h)
A11: =A10-p_h | B11: =IF(Mask!B11=1,0,-(Psi!C11-Psi!B11)/p_h) | C11: =IF(Mask!C11=1,0,-(Psi!D11-Psi!B11)/(2*p_h)) | D11: =IF(Mask!D11=1,0,-(Psi!E11-Psi!C11)/(2*p_h)) | E11: =IF(Mask!E11=1,0,-(Psi!F11-Psi!D11)/(2*p_h)) | F11: =IF(Mask!F11=1,0,-(Psi!G11-Psi!E11)/(2*p_h)) | G11: =IF(Mask!G11=1,0,-(Psi!H11-Psi!F11)/(2*p_h)) | H11: =IF(Mask!H11=1,0,-(Psi!I11-Psi!G11)/(2*p_h)) | I11: =IF(Mask!I11=1,0,-(Psi!J11-Psi!H11)/(2*p_h)) | J11: =IF(Mask!J11=1,0,-(Psi!K11-Psi!I11)/(2*p_h)) | ... AO11: =IF(Mask!AO11=1,0,-(Psi!AP11-Psi!AN11)/(2*p_h)) | AP11: =IF(Mask!AP11=1,0,-(Psi!AP11-Psi!AO11)/p_h)
A12: =A11-p_h | B12: =IF(Mask!B12=1,0,-(Psi!C12-Psi!B12)/p_h) | C12: =IF(Mask!C12=1,0,-(Psi!D12-Psi!B12)/(2*p_h)) | D12: =IF(Mask!D12=1,0,-(Psi!E12-Psi!C12)/(2*p_h)) | E12: =IF(Mask!E12=1,0,-(Psi!F12-Psi!D12)/(2*p_h)) | F12: =IF(Mask!F12=1,0,-(Psi!G12-Psi!E12)/(2*p_h)) | G12: =IF(Mask!G12=1,0,-(Psi!H12-Psi!F12)/(2*p_h)) | H12: =IF(Mask!H12=1,0,-(Psi!I12-Psi!G12)/(2*p_h)) | I12: =IF(Mask!I12=1,0,-(Psi!J12-Psi!H12)/(2*p_h)) | J12: =IF(Mask!J12=1,0,-(Psi!K12-Psi!I12)/(2*p_h)) | ... AO12: =IF(Mask!AO12=1,0,-(Psi!AP12-Psi!AN12)/(2*p_h)) | AP12: =IF(Mask!AP12=1,0,-(Psi!AP12-Psi!AO12)/p_h)
A13: =A12-p_h | B13: =IF(Mask!B13=1,0,-(Psi!C13-Psi!B13)/p_h) | C13: =IF(Mask!C13=1,0,-(Psi!D13-Psi!B13)/(2*p_h)) | D13: =IF(Mask!D13=1,0,-(Psi!E13-Psi!C13)/(2*p_h)) | E13: =IF(Mask!E13=1,0,-(Psi!F13-Psi!D13)/(2*p_h)) | F13: =IF(Mask!F13=1,0,-(Psi!G13-Psi!E13)/(2*p_h)) | G13: =IF(Mask!G13=1,0,-(Psi!H13-Psi!F13)/(2*p_h)) | H13: =IF(Mask!H13=1,0,-(Psi!I13-Psi!G13)/(2*p_h)) | I13: =IF(Mask!I13=1,0,-(Psi!J13-Psi!H13)/(2*p_h)) | J13: =IF(Mask!J13=1,0,-(Psi!K13-Psi!I13)/(2*p_h)) | ... AO13: =IF(Mask!AO13=1,0,-(Psi!AP13-Psi!AN13)/(2*p_h)) | AP13: =IF(Mask!AP13=1,0,-(Psi!AP13-Psi!AO13)/p_h)
A14: =A13-p_h | B14: =IF(Mask!B14=1,0,-(Psi!C14-Psi!B14)/p_h) | C14: =IF(Mask!C14=1,0,-(Psi!D14-Psi!B14)/(2*p_h)) | D14: =IF(Mask!D14=1,0,-(Psi!E14-Psi!C14)/(2*p_h)) | E14: =IF(Mask!E14=1,0,-(Psi!F14-Psi!D14)/(2*p_h)) | F14: =IF(Mask!F14=1,0,-(Psi!G14-Psi!E14)/(2*p_h)) | G14: =IF(Mask!G14=1,0,-(Psi!H14-Psi!F14)/(2*p_h)) | H14: =IF(Mask!H14=1,0,-(Psi!I14-Psi!G14)/(2*p_h)) | I14: =IF(Mask!I14=1,0,-(Psi!J14-Psi!H14)/(2*p_h)) | J14: =IF(Mask!J14=1,0,-(Psi!K14-Psi!I14)/(2*p_h)) | ... AO14: =IF(Mask!AO14=1,0,-(Psi!AP14-Psi!AN14)/(2*p_h)) | AP14: =IF(Mask!AP14=1,0,-(Psi!AP14-Psi!AO14)/p_h)
A15: =A14-p_h | B15: =IF(Mask!B15=1,0,-(Psi!C15-Psi!B15)/p_h) | C15: =IF(Mask!C15=1,0,-(Psi!D15-Psi!B15)/(2*p_h)) | D15: =IF(Mask!D15=1,0,-(Psi!E15-Psi!C15)/(2*p_h)) | E15: =IF(Mask!E15=1,0,-(Psi!F15-Psi!D15)/(2*p_h)) | F15: =IF(Mask!F15=1,0,-(Psi!G15-Psi!E15)/(2*p_h)) | G15: =IF(Mask!G15=1,0,-(Psi!H15-Psi!F15)/(2*p_h)) | H15: =IF(Mask!H15=1,0,-(Psi!I15-Psi!G15)/(2*p_h)) | I15: =IF(Mask!I15=1,0,-(Psi!J15-Psi!H15)/(2*p_h)) | J15: =IF(Mask!J15=1,0,-(Psi!K15-Psi!I15)/(2*p_h)) | ... AO15: =IF(Mask!AO15=1,0,-(Psi!AP15-Psi!AN15)/(2*p_h)) | AP15: =IF(Mask!AP15=1,0,-(Psi!AP15-Psi!AO15)/p_h)
... A23: =A22-p_h | B23: =IF(Mask!B23=1,0,-(Psi!C23-Psi!B23)/p_h) | C23: =IF(Mask!C23=1,0,-(Psi!D23-Psi!B23)/(2*p_h)) | D23: =IF(Mask!D23=1,0,-(Psi!E23-Psi!C23)/(2*p_h)) | E23: =IF(Mask!E23=1,0,-(Psi!F23-Psi!D23)/(2*p_h)) | F23: =IF(Mask!F23=1,0,-(Psi!G23-Psi!E23)/(2*p_h)) | G23: =IF(Mask!G23=1,0,-(Psi!H23-Psi!F23)/(2*p_h)) | H23: =IF(Mask!H23=1,0,-(Psi!I23-Psi!G23)/(2*p_h)) | I23: =IF(Mask!I23=1,0,-(Psi!J23-Psi!H23)/(2*p_h)) | J23: =IF(Mask!J23=1,0,-(Psi!K23-Psi!I23)/(2*p_h)) | ... AO23: =IF(Mask!AO23=1,0,-(Psi!AP23-Psi!AN23)/(2*p_h)) | AP23: =IF(Mask!AP23=1,0,-(Psi!AP23-Psi!AO23)/p_h)

Sheet Speed
A1: Speed |V| [m/s] (dark = solid)
A2: y \ x | B2: 0 | C2: =B2+p_h | D2: =C2+p_h | E2: =D2+p_h | F2: =E2+p_h | G2: =F2+p_h | H2: =G2+p_h | I2: =H2+p_h | J2: =I2+p_h | ... AP2: =AO2+p_h
A3: =20*p_h | B3: =IF(Mask!B3=1,"",SQRT(u_vel!B3^2+v_vel!B3^2)) | C3: =IF(Mask!C3=1,"",SQRT(u_vel!C3^2+v_vel!C3^2)) | D3: =IF(Mask!D3=1,"",SQRT(u_vel!D3^2+v_vel!D3^2)) | E3: =IF(Mask!E3=1,"",SQRT(u_vel!E3^2+v_vel!E3^2)) | F3: =IF(Mask!F3=1,"",SQRT(u_vel!F3^2+v_vel!F3^2)) | G3: =IF(Mask!G3=1,"",SQRT(u_vel!G3^2+v_vel!G3^2)) | H3: =IF(Mask!H3=1,"",SQRT(u_vel!H3^2+v_vel!H3^2)) | I3: =IF(Mask!I3=1,"",SQRT(u_vel!I3^2+v_vel!I3^2)) | ... AP3: =IF(Mask!AP3=1,"",SQRT(u_vel!AP3^2+v_vel!AP3^2))
A4: =A3-p_h | B4: =IF(Mask!B4=1,"",SQRT(u_vel!B4^2+v_vel!B4^2)) | C4: =IF(Mask!C4=1,"",SQRT(u_vel!C4^2+v_vel!C4^2)) | D4: =IF(Mask!D4=1,"",SQRT(u_vel!D4^2+v_vel!D4^2)) | E4: =IF(Mask!E4=1,"",SQRT(u_vel!E4^2+v_vel!E4^2)) | F4: =IF(Mask!F4=1,"",SQRT(u_vel!F4^2+v_vel!F4^2)) | G4: =IF(Mask!G4=1,"",SQRT(u_vel!G4^2+v_vel!G4^2)) | H4: =IF(Mask!H4=1,"",SQRT(u_vel!H4^2+v_vel!H4^2)) | I4: =IF(Mask!I4=1,"",SQRT(u_vel!I4^2+v_vel!I4^2)) | ... AP4: =IF(Mask!AP4=1,"",SQRT(u_vel!AP4^2+v_vel!AP4^2))
A5: =A4-p_h | B5: =IF(Mask!B5=1,"",SQRT(u_vel!B5^2+v_vel!B5^2)) | C5: =IF(Mask!C5=1,"",SQRT(u_vel!C5^2+v_vel!C5^2)) | D5: =IF(Mask!D5=1,"",SQRT(u_vel!D5^2+v_vel!D5^2)) | E5: =IF(Mask!E5=1,"",SQRT(u_vel!E5^2+v_vel!E5^2)) | F5: =IF(Mask!F5=1,"",SQRT(u_vel!F5^2+v_vel!F5^2)) | G5: =IF(Mask!G5=1,"",SQRT(u_vel!G5^2+v_vel!G5^2)) | H5: =IF(Mask!H5=1,"",SQRT(u_vel!H5^2+v_vel!H5^2)) | I5: =IF(Mask!I5=1,"",SQRT(u_vel!I5^2+v_vel!I5^2)) | ... AP5: =IF(Mask!AP5=1,"",SQRT(u_vel!AP5^2+v_vel!AP5^2))
A6: =A5-p_h | B6: =IF(Mask!B6=1,"",SQRT(u_vel!B6^2+v_vel!B6^2)) | C6: =IF(Mask!C6=1,"",SQRT(u_vel!C6^2+v_vel!C6^2)) | D6: =IF(Mask!D6=1,"",SQRT(u_vel!D6^2+v_vel!D6^2)) | E6: =IF(Mask!E6=1,"",SQRT(u_vel!E6^2+v_vel!E6^2)) | F6: =IF(Mask!F6=1,"",SQRT(u_vel!F6^2+v_vel!F6^2)) | G6: =IF(Mask!G6=1,"",SQRT(u_vel!G6^2+v_vel!G6^2)) | H6: =IF(Mask!H6=1,"",SQRT(u_vel!H6^2+v_vel!H6^2)) | I6: =IF(Mask!I6=1,"",SQRT(u_vel!I6^2+v_vel!I6^2)) | ... AP6: =IF(Mask!AP6=1,"",SQRT(u_vel!AP6^2+v_vel!AP6^2))
A7: =A6-p_h | B7: =IF(Mask!B7=1,"",SQRT(u_vel!B7^2+v_vel!B7^2)) | C7: =IF(Mask!C7=1,"",SQRT(u_vel!C7^2+v_vel!C7^2)) | D7: =IF(Mask!D7=1,"",SQRT(u_vel!D7^2+v_vel!D7^2)) | E7: =IF(Mask!E7=1,"",SQRT(u_vel!E7^2+v_vel!E7^2)) | F7: =IF(Mask!F7=1,"",SQRT(u_vel!F7^2+v_vel!F7^2)) | G7: =IF(Mask!G7=1,"",SQRT(u_vel!G7^2+v_vel!G7^2)) | H7: =IF(Mask!H7=1,"",SQRT(u_vel!H7^2+v_vel!H7^2)) | I7: =IF(Mask!I7=1,"",SQRT(u_vel!I7^2+v_vel!I7^2)) | ... AP7: =IF(Mask!AP7=1,"",SQRT(u_vel!AP7^2+v_vel!AP7^2))
A8: =A7-p_h | B8: =IF(Mask!B8=1,"",SQRT(u_vel!B8^2+v_vel!B8^2)) | C8: =IF(Mask!C8=1,"",SQRT(u_vel!C8^2+v_vel!C8^2)) | D8: =IF(Mask!D8=1,"",SQRT(u_vel!D8^2+v_vel!D8^2)) | E8: =IF(Mask!E8=1,"",SQRT(u_vel!E8^2+v_vel!E8^2)) | F8: =IF(Mask!F8=1,"",SQRT(u_vel!F8^2+v_vel!F8^2)) | G8: =IF(Mask!G8=1,"",SQRT(u_vel!G8^2+v_vel!G8^2)) | H8: =IF(Mask!H8=1,"",SQRT(u_vel!H8^2+v_vel!H8^2)) | I8: =IF(Mask!I8=1,"",SQRT(u_vel!I8^2+v_vel!I8^2)) | ... AP8: =IF(Mask!AP8=1,"",SQRT(u_vel!AP8^2+v_vel!AP8^2))
A9: =A8-p_h | B9: =IF(Mask!B9=1,"",SQRT(u_vel!B9^2+v_vel!B9^2)) | C9: =IF(Mask!C9=1,"",SQRT(u_vel!C9^2+v_vel!C9^2)) | D9: =IF(Mask!D9=1,"",SQRT(u_vel!D9^2+v_vel!D9^2)) | E9: =IF(Mask!E9=1,"",SQRT(u_vel!E9^2+v_vel!E9^2)) | F9: =IF(Mask!F9=1,"",SQRT(u_vel!F9^2+v_vel!F9^2)) | G9: =IF(Mask!G9=1,"",SQRT(u_vel!G9^2+v_vel!G9^2)) | H9: =IF(Mask!H9=1,"",SQRT(u_vel!H9^2+v_vel!H9^2)) | I9: =IF(Mask!I9=1,"",SQRT(u_vel!I9^2+v_vel!I9^2)) | ... AP9: =IF(Mask!AP9=1,"",SQRT(u_vel!AP9^2+v_vel!AP9^2))
A10: =A9-p_h | B10: =IF(Mask!B10=1,"",SQRT(u_vel!B10^2+v_vel!B10^2)) | C10: =IF(Mask!C10=1,"",SQRT(u_vel!C10^2+v_vel!C10^2)) | D10: =IF(Mask!D10=1,"",SQRT(u_vel!D10^2+v_vel!D10^2)) | E10: =IF(Mask!E10=1,"",SQRT(u_vel!E10^2+v_vel!E10^2)) | F10: =IF(Mask!F10=1,"",SQRT(u_vel!F10^2+v_vel!F10^2)) | G10: =IF(Mask!G10=1,"",SQRT(u_vel!G10^2+v_vel!G10^2)) | H10: =IF(Mask!H10=1,"",SQRT(u_vel!H10^2+v_vel!H10^2)) | I10: =IF(Mask!I10=1,"",SQRT(u_vel!I10^2+v_vel!I10^2)) | ... AP10: =IF(Mask!AP10=1,"",SQRT(u_vel!AP10^2+v_vel!AP10^2))
A11: =A10-p_h | B11: =IF(Mask!B11=1,"",SQRT(u_vel!B11^2+v_vel!B11^2)) | C11: =IF(Mask!C11=1,"",SQRT(u_vel!C11^2+v_vel!C11^2)) | D11: =IF(Mask!D11=1,"",SQRT(u_vel!D11^2+v_vel!D11^2)) | E11: =IF(Mask!E11=1,"",SQRT(u_vel!E11^2+v_vel!E11^2)) | F11: =IF(Mask!F11=1,"",SQRT(u_vel!F11^2+v_vel!F11^2)) | G11: =IF(Mask!G11=1,"",SQRT(u_vel!G11^2+v_vel!G11^2)) | H11: =IF(Mask!H11=1,"",SQRT(u_vel!H11^2+v_vel!H11^2)) | I11: =IF(Mask!I11=1,"",SQRT(u_vel!I11^2+v_vel!I11^2)) | ... AP11: =IF(Mask!AP11=1,"",SQRT(u_vel!AP11^2+v_vel!AP11^2))
A12: =A11-p_h | B12: =IF(Mask!B12=1,"",SQRT(u_vel!B12^2+v_vel!B12^2)) | C12: =IF(Mask!C12=1,"",SQRT(u_vel!C12^2+v_vel!C12^2)) | D12: =IF(Mask!D12=1,"",SQRT(u_vel!D12^2+v_vel!D12^2)) | E12: =IF(Mask!E12=1,"",SQRT(u_vel!E12^2+v_vel!E12^2)) | F12: =IF(Mask!F12=1,"",SQRT(u_vel!F12^2+v_vel!F12^2)) | G12: =IF(Mask!G12=1,"",SQRT(u_vel!G12^2+v_vel!G12^2)) | H12: =IF(Mask!H12=1,"",SQRT(u_vel!H12^2+v_vel!H12^2)) | I12: =IF(Mask!I12=1,"",SQRT(u_vel!I12^2+v_vel!I12^2)) | ... AP12: =IF(Mask!AP12=1,"",SQRT(u_vel!AP12^2+v_vel!AP12^2))
A13: =A12-p_h | B13: =IF(Mask!B13=1,"",SQRT(u_vel!B13^2+v_vel!B13^2)) | C13: =IF(Mask!C13=1,"",SQRT(u_vel!C13^2+v_vel!C13^2)) | D13: =IF(Mask!D13=1,"",SQRT(u_vel!D13^2+v_vel!D13^2)) | E13: =IF(Mask!E13=1,"",SQRT(u_vel!E13^2+v_vel!E13^2)) | F13: =IF(Mask!F13=1,"",SQRT(u_vel!F13^2+v_vel!F13^2)) | G13: =IF(Mask!G13=1,"",SQRT(u_vel!G13^2+v_vel!G13^2)) | H13: =IF(Mask!H13=1,"",SQRT(u_vel!H13^2+v_vel!H13^2)) | I13: =IF(Mask!I13=1,"",SQRT(u_vel!I13^2+v_vel!I13^2)) | ... AP13: =IF(Mask!AP13=1,"",SQRT(u_vel!AP13^2+v_vel!AP13^2))
A14: =A13-p_h | B14: =IF(Mask!B14=1,"",SQRT(u_vel!B14^2+v_vel!B14^2)) | C14: =IF(Mask!C14=1,"",SQRT(u_vel!C14^2+v_vel!C14^2)) | D14: =IF(Mask!D14=1,"",SQRT(u_vel!D14^2+v_vel!D14^2)) | E14: =IF(Mask!E14=1,"",SQRT(u_vel!E14^2+v_vel!E14^2)) | F14: =IF(Mask!F14=1,"",SQRT(u_vel!F14^2+v_vel!F14^2)) | G14: =IF(Mask!G14=1,"",SQRT(u_vel!G14^2+v_vel!G14^2)) | H14: =IF(Mask!H14=1,"",SQRT(u_vel!H14^2+v_vel!H14^2)) | I14: =IF(Mask!I14=1,"",SQRT(u_vel!I14^2+v_vel!I14^2)) | ... AP14: =IF(Mask!AP14=1,"",SQRT(u_vel!AP14^2+v_vel!AP14^2))
A15: =A14-p_h | B15: =IF(Mask!B15=1,"",SQRT(u_vel!B15^2+v_vel!B15^2)) | C15: =IF(Mask!C15=1,"",SQRT(u_vel!C15^2+v_vel!C15^2)) | D15: =IF(Mask!D15=1,"",SQRT(u_vel!D15^2+v_vel!D15^2)) | E15: =IF(Mask!E15=1,"",SQRT(u_vel!E15^2+v_vel!E15^2)) | F15: =IF(Mask!F15=1,"",SQRT(u_vel!F15^2+v_vel!F15^2)) | G15: =IF(Mask!G15=1,"",SQRT(u_vel!G15^2+v_vel!G15^2)) | H15: =IF(Mask!H15=1,"",SQRT(u_vel!H15^2+v_vel!H15^2)) | I15: =IF(Mask!I15=1,"",SQRT(u_vel!I15^2+v_vel!I15^2)) | ... AP15: =IF(Mask!AP15=1,"",SQRT(u_vel!AP15^2+v_vel!AP15^2))
... A23: =A22-p_h | B23: =IF(Mask!B23=1,"",SQRT(u_vel!B23^2+v_vel!B23^2)) | C23: =IF(Mask!C23=1,"",SQRT(u_vel!C23^2+v_vel!C23^2)) | D23: =IF(Mask!D23=1,"",SQRT(u_vel!D23^2+v_vel!D23^2)) | E23: =IF(Mask!E23=1,"",SQRT(u_vel!E23^2+v_vel!E23^2)) | F23: =IF(Mask!F23=1,"",SQRT(u_vel!F23^2+v_vel!F23^2)) | G23: =IF(Mask!G23=1,"",SQRT(u_vel!G23^2+v_vel!G23^2)) | H23: =IF(Mask!H23=1,"",SQRT(u_vel!H23^2+v_vel!H23^2)) | I23: =IF(Mask!I23=1,"",SQRT(u_vel!I23^2+v_vel!I23^2)) | ... AP23: =IF(Mask!AP23=1,"",SQRT(u_vel!AP23^2+v_vel!AP23^2))
