Workbook
Name p_reset: Inputs!$B$5
Name p_U: Inputs!$B$7
Name p_Re: Inputs!$B$8
Name p_nu: Inputs!$B$9
Name p_dt: Inputs!$B$11
Name p_theta: Inputs!$B$12
Name p_dpsi: Inputs!$B$13
Name p_N: Inputs!$B$14
Name p_h: Inputs!$B$15
Name p_limD: Inputs!$B$16
Name p_limV: Inputs!$B$17
Name p_limC: Inputs!$B$18

Sheet Instructions
A1: 2D lid-driven cavity in Excel (stream function - vorticity)
A3: WHAT THIS SOLVES
A4: Incompressible 2D Navier-Stokes in a 1 m x 1 m cavity; the top lid slides at speed U, the other three walls are still.
A5: Poisson: laplacian(psi) = -omega (Gauss-Seidel sweep each step)
A6: Transport: d(omega)/dt + u*d(omega)/dx + v*d(omega)/dy = nu * laplacian(omega) (explicit Euler)
A7: Velocity: u = dpsi/dy, v = -dpsi/dx
A8: Walls: psi = 0; omega from Thom's formula omega_wall = -2*psi_inner/h^2 - 2*U_wall/h
A9: No pressure equation is needed - that is what makes this practical in a spreadsheet.
A11: ONE-TIME SETUP (required):
A12: 1) File > Options > Formulas > tick 'Enable iterative calculation'. Maximum Iterations = 1000, Maximum Change = 0.000000001.
A13: (Excel takes this from the first workbook opened in a session. Close other workbooks first if you see a circular-reference warning.)
A14: 2) Press F9. Each press = ~1000 time steps (dt = 0.01 -> 10 s of flow time). Repeat until 'Kinetic energy' on Inputs stops changing (about 2-3 presses at Re = 100).
... A26: - Higher Re (> 400) needs a finer grid and/or upwind blending (theta > 0).

Sheet Psi
A1: Stream function psi (laplacian psi = -omega; u = dpsi/dy, v = -dpsi/dx)
A2: y \ x | B2: 0 | C2: =B2+p_h | D2: =C2+p_h | E2: =D2+p_h | F2: =E2+p_h | G2: =F2+p_h | H2: =G2+p_h | I2: =H2+p_h | J2: =I2+p_h | ... AH2: =AG2+p_h
A3: =32*p_h | B3: 0 | C3: 0 | D3: 0 | E3: 0 | F3: 0 | G3: 0 | H3: 0 | I3: 0 | J3: 0 | K3: 0 | L3: 0 | M3: 0 | N3: 0 | O3: 0 | P3: 0 | Q3: 0 | R3: 0 | S3: 0 | T3: 0 | U3: 0 | V3: 0 | W3: 0 | X3: 0 | Y3: 0 | Z3: 0 | AA3: 0 | AB3: 0 | AC3: 0 | AD3: 0 | AE3: 0 | AF3: 0 | AG3: 0 | AH3: 0
A4: =A3-p_h | B4: 0 | C4: =IF(p_reset=1,0,0.25*(D4+B4+C3+C5+p_h^2*Omega!C4)) | D4: =IF(p_reset=1,0,0.25*(E4+C4+D3+D5+p_h^2*Omega!D4)) | E4: =IF(p_reset=1,0,0.25*(F4+D4+E3+E5+p_h^2*Omega!E4)) | F4: =IF(p_reset=1,0,0.25*(G4+E4+F3+F5+p_h^2*Omega!F4)) | G4: =IF(p_reset=1,0,0.25*(H4+F4+G3+G5+p_h^2*Omega!G4)) | H4: =IF(p_reset=1,0,0.25*(I4+G4+H3+H5+p_h^2*Omega!H4)) | I4: =IF(p_reset=1,0,0.25*(J4+H4+I3+I5+p_h^2*Omega!I4)) | J4: =IF(p_reset=1,0,0.25*(K4+I4+J3+J5+p_h^2*Omega!J4)) | ... AG4: =IF(p_reset=1,0,0.25*(AH4+AF4+AG3+AG5+p_h^2*Omega!AG4)) | AH4: 0
A5: =A4-p_h | B5: 0 | C5: =IF(p_reset=1,0,0.25*(D5+B5+C4+C6+p_h^2*Omega!C5)) | D5: =IF(p_reset=1,0,0.25*(E5+C5+D4+D6+p_h^2*Omega!D5)) | E5: =IF(p_reset=1,0,0.25*(F5+D5+E4+E6+p_h^2*Omega!E5)) | F5: =IF(p_reset=1,0,0.25*(G5+E5+F4+F6+p_h^2*Omega!F5)) | G5: =IF(p_reset=1,0,0.25*(H5+F5+G4+G6+p_h^2*Omega!G5)) | H5: =IF(p_reset=1,0,0.25*(I5+G5+H4+H6+p_h^2*Omega!H5)) | I5: =IF(p_reset=1,0,0.25*(J5+H5+I4+I6+p_h^2*Omega!I5)) | J5: =IF(p_reset=1,0,0.25*(K5+I5+J4+J6+p_h^2*Omega!J5)) | ... AG5: =IF(p_reset=1,0,0.25*(AH5+AF5+AG4+AG6+p_h^2*Omega!AG5)) | AH5: 0
A6: =A5-p_h | B6: 0 | C6: =IF(p_reset=1,0,0.25*(D6+B6+C5+C7+p_h^2*Omega!C6)) | D6: =IF(p_reset=1,0,0.25*(E6+C6+D5+D7+p_h^2*Omega!D6)) | E6: =IF(p_reset=1,0,0.25*(F6+D6+E5+E7+p_h^2*Omega!E6)) | F6: =IF(p_reset=1,0,0.25*(G6+E6+F5+F7+p_h^2*Omega!F6)) | G6: =IF(p_reset=1,0,0.25*(H6+F6+G5+G7+p_h^2*Omega!G6)) | H6: =IF(p_reset=1,0,0.25*(I6+G6+H5+H7+p_h^2*Omega!H6)) | I6: =IF(p_reset=1,0,0.25*(J6+H6+I5+I7+p_h^2*Omega!I6)) | J6: =IF(p_reset=1,0,0.25*(K6+I6+J5+J7+p_h^2*Omega!J6)) | ... AG6: =IF(p_reset=1,0,0.25*(AH6+AF6+AG5+AG7+p_h^2*Omega!AG6)) | AH6: 0
A7: =A6-p_h | B7: 0 | C7: =IF(p_reset=1,0,0.25*(D7+B7+C6+C8+p_h^2*Omega!C7)) | D7: =IF(p_reset=1,0,0.25*(E7+C7+D6+D8+p_h^2*Omega!D7)) | E7: =IF(p_reset=1,0,0.25*(F7+D7+E6+E8+p_h^2*Omega!E7)) | F7: =IF(p_reset=1,0,0.25*(G7+E7+F6+F8+p_h^2*Omega!F7)) | G7: =IF(p_reset=1,0,0.25*(H7+F7+G6+G8+p_h^2*Omega!G7)) | H7: =IF(p_reset=1,0,0.25*(I7+G7+H6+H8+p_h^2*Omega!H7)) | I7: =IF(p_reset=1,0,0.25*(J7+H7+I6+I8+p_h^2*Omega!I7)) | J7: =IF(p_reset=1,0,0.25*(K7+I7+J6+J8+p_h^2*Omega!J7)) | ... AG7: =IF(p_reset=1,0,0.25*(AH7+AF7+AG6+AG8+p_h^2*Omega!AG7)) | AH7: 0
A8: =A7-p_h | B8: 0 | C8: =IF(p_reset=1,0,0.25*(D8+B8+C7+C9+p_h^2*Omega!C8)) | D8: =IF(p_reset=1,0,0.25*(E8+C8+D7+D9+p_h^2*Omega!D8)) | E8: =IF(p_reset=1,0,0.25*(F8+D8+E7+E9+p_h^2*Omega!E8)) | F8: =IF(p_reset=1,0,0.25*(G8+E8+F7+F9+p_h^2*Omega!F8)) | G8: =IF(p_reset=1,0,0.25*(H8+F8+G7+G9+p_h^2*Omega!G8)) | H8: =IF(p_reset=1,0,0.25*(I8+G8+H7+H9+p_h^2*Omega!H8)) | I8: =IF(p_reset=1,0,0.25*(J8+H8+I7+I9+p_h^2*Omega!I8)) | J8: =IF(p_reset=1,0,0.25*(K8+I8+J7+J9+p_h^2*Omega!J8)) | ... AG8: =IF(p_reset=1,0,0.25*(AH8+AF8+AG7+AG9+p_h^2*Omega!AG8)) | AH8: 0
A9: =A8-p_h | B9: 0 | C9: =IF(p_reset=1,0,0.25*(D9+B9+C8+C10+p_h^2*Omega!C9)) | D9: =IF(p_reset=1,0,0.25*(E9+C9+D8+D10+p_h^2*Omega!D9)) | E9: =IF(p_reset=1,0,0.25*(F9+D9+E8+E10+p_h^2*Omega!E9)) | F9: =IF(p_reset=1,0,0.25*(G9+E9+F8+F10+p_h^2*Omega!F9)) | G9: =IF(p_reset=1,0,0.25*(H9+F9+G8+G10+p_h^2*Omega!G9)) | H9: =IF(p_reset=1,0,0.25*(I9+G9+H8+H10+p_h^2*Omega!H9)) | I9: =IF(p_reset=1,0,0.25*(J9+H9+I8+I10+p_h^2*Omega!I9)) | J9: =IF(p_reset=1,0,0.25*(K9+I9+J8+J10+p_h^2*Omega!J9)) | ... AG9: =IF(p_reset=1,0,0.25*(AH9+AF9+AG8+AG10+p_h^2*Omega!AG9)) | AH9: 0
A10: =A9-p_h | B10: 0 | C10: =IF(p_reset=1,0,0.25*(D10+B10+C9+C11+p_h^2*Omega!C10)) | D10: =IF(p_reset=1,0,0.25*(E10+C10+D9+D11+p_h^2*Omega!D10)) | E10: =IF(p_reset=1,0,0.25*(F10+D10+E9+E11+p_h^2*Omega!E10)) | F10: =IF(p_reset=1,0,0.25*(G10+E10+F9+F11+p_h^2*Omega!F10)) | G10: =IF(p_reset=1,0,0.25*(H10+F10+G9+G11+p_h^2*Omega!G10)) | H10: =IF(p_reset=1,0,0.25*(I10+G10+H9+H11+p_h^2*Omega!H10)) | I10: =IF(p_reset=1,0,0.25*(J10+H10+I9+I11+p_h^2*Omega!I10)) | J10: =IF(p_reset=1,0,0.25*(K10+I10+J9+J11+p_h^2*Omega!J10)) | ... AG10: =IF(p_reset=1,0,0.25*(AH10+AF10+AG9+AG11+p_h^2*Omega!AG10)) | AH10: 0
A11: =A10-p_h | B11: 0 | C11: =IF(p_reset=1,0,0.25*(D11+B11+C10+C12+p_h^2*Omega!C11)) | D11: =IF(p_reset=1,0,0.25*(E11+C11+D10+D12+p_h^2*Omega!D11)) | E11: =IF(p_reset=1,0,0.25*(F11+D11+E10+E12+p_h^2*Omega!E11)) | F11: =IF(p_reset=1,0,0.25*(G11+E11+F10+F12+p_h^2*Omega!F11)) | G11: =IF(p_reset=1,0,0.25*(H11+F11+G10+G12+p_h^2*Omega!G11)) | H11: =IF(p_reset=1,0,0.25*(I11+G11+H10+H12+p_h^2*Omega!H11)) | I11: =IF(p_reset=1,0,0.25*(J11+H11+I10+I12+p_h^2*Omega!I11)) | J11: =IF(p_reset=1,0,0.25*(K11+I11+J10+J12+p_h^2*Omega!J11)) | ... AG11: =IF(p_reset=1,0,0.25*(AH11+AF11+AG10+AG12+p_h^2*Omega!AG11)) | AH11: 0
A12: =A11-p_h | B12: 0 | C12: =IF(p_reset=1,0,0.25*(D12+B12+C11+C13+p_h^2*Omega!C12)) | D12: =IF(p_reset=1,0,0.25*(E12+C12+D11+D13+p_h^2*Omega!D12)) | E12: =IF(p_reset=1,0,0.25*(F12+D12+E11+E13+p_h^2*Omega!E12)) | F12: =IF(p_reset=1,0,0.25*(G12+E12+F11+F13+p_h^2*Omega!F12)) | G12: =IF(p_reset=1,0,0.25*(H12+F12+G11+G13+p_h^2*Omega!G12)) | H12: =IF(p_reset=1,0,0.25*(I12+G12+H11+H13+p_h^2*Omega!H12)) | I12: =IF(p_reset=1,0,0.25*(J12+H12+I11+I13+p_h^2*Omega!I12)) | J12: =IF(p_reset=1,0,0.25*(K12+I12+J11+J13+p_h^2*Omega!J12)) | ... AG12: =IF(p_reset=1,0,0.25*(AH12+AF12+AG11+AG13+p_h^2*Omega!AG12)) | AH12: 0
A13: =A12-p_h | B13: 0 | C13: =IF(p_reset=1,0,0.25*(D13+B13+C12+C14+p_h^2*Omega!C13)) | D13: =IF(p_reset=1,0,0.25*(E13+C13+D12+D14+p_h^2*Omega!D13)) | E13: =IF(p_reset=1,0,0.25*(F13+D13+E12+E14+p_h^2*Omega!E13)) | F13: =IF(p_reset=1,0,0.25*(G13+E13+F12+F14+p_h^2*Omega!F13)) | G13: =IF(p_reset=1,0,0.25*(H13+F13+G12+G14+p_h^2*Omega!G13)) | H13: =IF(p_reset=1,0,0.25*(I13+G13+H12+H14+p_h^2*Omega!H13)) | I13: =IF(p_reset=1,0,0.25*(J13+H13+I12+I14+p_h^2*Omega!I13)) | J13: =IF(p_reset=1,0,0.25*(K13+I13+J12+J14+p_h^2*Omega!J13)) | ... AG13: =IF(p_reset=1,0,0.25*(AH13+AF13+AG12+AG14+p_h^2*Omega!AG13)) | AH13: 0
A14: =A13-p_h | B14: 0 | C14: =IF(p_reset=1,0,0.25*(D14+B14+C13+C15+p_h^2*Omega!C14)) | D14: =IF(p_reset=1,0,0.25*(E14+C14+D13+D15+p_h^2*Omega!D14)) | E14: =IF(p_reset=1,0,0.25*(F14+D14+E13+E15+p_h^2*Omega!E14)) | F14: =IF(p_reset=1,0,0.25*(G14+E14+F13+F15+p_h^2*Omega!F14)) | G14: =IF(p_reset=1,0,0.25*(H14+F14+G13+G15+p_h^2*Omega!G14)) | H14: =IF(p_reset=1,0,0.25*(I14+G14+H13+H15+p_h^2*Omega!H14)) | I14: =IF(p_reset=1,0,0.25*(J14+H14+I13+I15+p_h^2*Omega!I14)) | J14: =IF(p_reset=1,0,0.25*(K14+I14+J13+J15+p_h^2*Omega!J14)) | ... AG14: =IF(p_reset=1,0,0.25*(AH14+AF14+AG13+AG15+p_h^2*Omega!AG14)) | AH14: 0
A15: =A14-p_h | B15: 0 | C15: =IF(p_reset=1,0,0.25*(D15+B15+C14+C16+p_h^2*Omega!C15)) | D15: =IF(p_reset=1,0,0.25*(E15+C15+D14+D16+p_h^2*Omega!D15)) | E15: =IF(p_reset=1,0,0.25*(F15+D15+E14+E16+p_h^2*Omega!E15)) | F15: =IF(p_reset=1,0,0.25*(G15+E15+F14+F16+p_h^2*Omega!F15)) | G15: =IF(p_reset=1,0,0.25*(H15+F15+G14+G16+p_h^2*Omega!G15)) | H15: =IF(p_reset=1,0,0.25*(I15+G15+H14+H16+p_h^2*Omega!H15)) | I15: =IF(p_reset=1,0,0.25*(J15+H15+I14+I16+p_h^2*Omega!I15)) | J15: =IF(p_reset=1,0,0.25*(K15+I15+J14+J16+p_h^2*Omega!J15)) | ... AG15: =IF(p_reset=1,0,0.25*(AH15+AF15+AG14+AG16+p_h^2*Omega!AG15)) | AH15: 0
... A34: =A33-p_h | B34: 0 | C34: =IF(p_reset=1,0,0.25*(D34+B34+C33+C35+p_h^2*Omega!C34)) | D34: =IF(p_reset=1,0,0.25*(E34+C34+D33+D35+p_h^2*Omega!D34)) | E34: =IF(p_reset=1,0,0.25*(F34+D34+E33+E35+p_h^2*Omega!E34)) | F34: =IF(p_reset=1,0,0.25*(G34+E34+F33+F35+p_h^2*Omega!F34)) | G34: =IF(p_reset=1,0,0.25*(H34+F34+G33+G35+p_h^2*Omega!G34)) | H34: =IF(p_reset=1,0,0.25*(I34+G34+H33+H35+p_h^2*Omega!H34)) | I34: =IF(p_reset=1,0,0.25*(J34+H34+I33+I35+p_h^2*Omega!I34)) | J34: =IF(p_reset=1,0,0.25*(K34+I34+J33+J35+p_h^2*Omega!J34)) | ... AG34: =IF(p_reset=1,0,0.25*(AH34+AF34+AG33+AG35+p_h^2*Omega!AG34)) | AH34: 0
A35: =A34-p_h | B35: 0 | C35: 0 | D35: 0 | E35: 0 | F35: 0 | G35: 0 | H35: 0 | I35: 0 | J35: 0 | K35: 0 | L35: 0 | M35: 0 | N35: 0 | O35: 0 | P35: 0 | Q35: 0 | R35: 0 | S35: 0 | T35: 0 | U35: 0 | V35: 0 | W35: 0 | X35: 0 | Y35: 0 | Z35: 0 | AA35: 0 | AB35: 0 | AC35: 0 | AD35: 0 | AE35: 0 | AF35: 0 | AG35: 0 | AH35: 0

Sheet Inputs
A1: 2D lid-driven cavity - inputs & monitors
A2: Blue on yellow = you may edit. Black = calculated by the workbook.
A4: RUN CONTROL
A5: Reset (1 = initialise, 0 = run) | B5: 0 | C5: Set to 1 for fluid at rest, then back to 0 to run.
A6: FLOW
A7: Lid speed U [m/s] | B7: 1 | C7: Top wall moves in +x; cavity is 1 m x 1 m
A8: Reynolds number Re = U*L/nu | B8: 100 | C8: Re <= ~400 is reliable on this grid. Ghia benchmark validation applies at Re = 100
A9: Kinematic viscosity nu [m^2/s] | B9: =p_U*1/p_Re | C9: calculated
A10: NUMERICS
A11: Time step dt [s] | B11: 0.01 | C11: Must satisfy all three limits below
A12: Upwind blend theta (0 = central, 1 = upwind) | B12: 0 | C12: Central is more accurate; raise towards 1 if you push Re high and see wiggles
A13: Streamline spacing d(psi) | B13: 0.01 | C13: Dark bands on the Psi sheet are streamlines
A14: Grid nodes per side N | B14: 33 | C14: Fixed by layout; re-run generate_workbooks.py for another N
A15: Grid spacing h [m] | B15: =1/(p_N-1)
A16: Limit: diffusion h^2/(4 nu) | B16: =p_h^2/(4*p_nu) | C16: dt must be below this
A17: Limit: viscous-lid 4 nu / U^2 | B17: =4*p_nu/p_U^2 | C17: dt must be below this
A18: Limit: CFL h / U | B18: =p_h/p_U | C18: dt must be below this
A19: Stability check | B19: =IF(AND(p_dt<=p_limD,p_dt<=p_limV,p_dt<=p_limC),"STABLE","UNSTABLE - reduce dt")
A20: MONITORS
A21: Kinetic energy (integral of |V|^2/2) | B21: =0.5*p_h^2*(SUMSQ(u_vel!B3:AH35)+SUMSQ(v_vel!B3:AH35)) | C21: Plateaus at steady state (~0.042 for Re = 100 on the default 33x33 grid)
A22: Primary vortex strength min(psi) | B22: =MIN(Psi!B3:AH35) | C22: Ghia et al. Re = 100: -0.1034
A23: Max |omega| (excluding walls) | B23: =MAX(MAX(Omega!C4:AG34),-MIN(Omega!C4:AG34))
A24: RMS error vs Ghia (Re = 100) | B24: =Validation!K3 | C24: Only meaningful at Re = 100 and steady state

Sheet Omega
A1: Vorticity omega (transport equation, explicit in time)
A2: y \ x | B2: 0 | C2: =B2+p_h | D2: =C2+p_h | E2: =D2+p_h | F2: =E2+p_h | G2: =F2+p_h | H2: =G2+p_h | I2: =H2+p_h | J2: =I2+p_h | ... AH2: =AG2+p_h
A3: =32*p_h | B3: 0 | C3: =-2*Psi!C4/p_h^2-2*p_U/p_h | D3: =-2*Psi!D4/p_h^2-2*p_U/p_h | E3: =-2*Psi!E4/p_h^2-2*p_U/p_h | F3: =-2*Psi!F4/p_h^2-2*p_U/p_h | G3: =-2*Psi!G4/p_h^2-2*p_U/p_h | H3: =-2*Psi!H4/p_h^2-2*p_U/p_h | I3: =-2*Psi!I4/p_h^2-2*p_U/p_h | J3: =-2*Psi!J4/p_h^2-2*p_U/p_h | ... AG3: =-2*Psi!AG4/p_h^2-2*p_U/p_h | AH3: 0
A4: =A3-p_h | B4: =-2*Psi!C4/p_h^2 | C4: =IF(p_reset=1,0,C4+p_dt*(-u_vel!C4*((1-p_theta)*(D4-B4)/(2*p_h)+p_theta*IF(u_vel!C4>0,(C4-B4),(D4-C4))/p_h)-v_vel!C4*((1-p_theta)*(C3-C5)/(2*p_h)+p_theta*IF(v_vel!C4>0,(C4-C5),(C3-C4))/p_h)+p_nu*(D4+B4+C3+C5-4*C4)/p_h^2)) | D4: =IF(p_reset=1,0,D4+p_dt*(-u_vel!D4*((1-p_theta)*(E4-C4)/(2*p_h)+p_theta*IF(u_vel!D4>0,(D4-C4),(E4-D4))/p_h)-v_vel!D4*((1-p_theta)*(D3-D5)/(2*p_h)+p_theta*IF(v_vel!D4>0,(D4-D5),(D3-D4))/p_h)+p_nu*(E4+C4+D3+D5-4*D4)/p_h^2)) | E4: =IF(p_reset=1,0,E4+p_dt*(-u_vel!E4*((1-p_theta)*(F4-D4)/(2*p_h)+p_theta*IF(u_vel!E4>0,(E4-D4),(F4-E4))/p_h)-v_vel!E4*((1-p_theta)*(E3-E5)/(2*p_h)+p_theta*IF(v_vel!E4>0,(E4-E5),(E3-E4))/p_h)+p_nu*(F4+D4+E3+E5-4*E4)/p_h^2)) | F4: =IF(p_reset=1,0,F4+p_dt*(-u_vel!F4*((1-p_theta)*(G4-E4)/(2*p_h)+p_theta*IF(u_vel!F4>0,(F4-E4),(G4-F4))/p_h)-v_vel!F4*((1-p_theta)*(F3-F5)/(2*p_h)+p_theta*IF(v_vel!F4>0,(F4-F5),(F3-F4))/p_h)+p_nu*(G4+E4+F3+F5-4*F4)/p_h^2)) | G4: =IF(p_reset=1,0,G4+p_dt*(-u_vel!G4*((1-p_theta)*(H4-F4)/(2*p_h)+p_theta*IF(u_vel!G4>0,(G4-F4),(H4-G4))/p_h)-v_vel!G4*((1-p_theta)*(G3-G5)/(2*p_h)+p_theta*IF(v_vel!G4>0,(G4-G5),(G3-G4))/p_h)+p_nu*(H4+F4+G3+G5-4*G4)/p_h^2)) | H4: =IF(p_reset=1,0,H4+p_dt*(-u_vel!H4*((1-p_theta)*(I4-G4)/(2*p_h)+p_theta*IF(u_vel!H4>0,(H4-G4),(I4-H4))/p_h)-v_vel!H4*((1-p_theta)*(H3-H5)/(2*p_h)+p_theta*IF(v_vel!H4>0,(H4-H5),(H3-H4))/p_h)+p_nu*(I4+G4+H3+H5-4*H4)/p_h^2)) | I4: =IF(p_reset=1,0,I4+p_dt*(-u_vel!I4*((1-p_theta)*(J4-H4)/(2*p_h)+p_theta*IF(u_vel!I4>0,(I4-H4),(J4-I4))/p_h)-v_vel!I4*((1-p_theta)*(I3-I5)/(2*p_h)+p_theta*IF(v_vel!I4>0,(I4-I5),(I3-I4))/p_h)+p_nu*(J4+H4+I3+I5-4*I4)/p_h^2)) | J4: =IF(p_reset=1,0,J4+p_dt*(-u_vel!J4*((1-p_theta)*(K4-I4)/(2*p_h)+p_theta*IF(u_vel!J4>0,(J4-I4),(K4-J4))/p_h)-v_vel!J4*((1-p_theta)*(J3-J5)/(2*p_h)+p_theta*IF(v_vel!J4>0,(J4-J5),(J3-J4))/p_h)+p_nu*(K4+I4+J3+J5-4*J4)/p_h^2)) | ... AG4: =IF(p_reset=1,0,AG4+p_dt*(-u_vel!AG4*((1-p_theta)*(AH4-AF4)/(2*p_h)+p_theta*IF(u_vel!AG4>0,(AG4-AF4),(AH4-AG4))/p_h)-v_vel!AG4*((1-p_theta)*(AG3-AG5)/(2*p_h)+p_theta*IF(v_vel!AG4>0,(AG4-AG5),(AG3-AG4))/p_h)+p_nu*(AH4+AF4+AG3+AG5-4*AG4)/p_h^2)) | AH4: =-2*Psi!AG4/p_h^2
A5: =A4-p_h | B5: =-2*Psi!C5/p_h^2 | C5: =IF(p_reset=1,0,C5+p_dt*(-u_vel!C5*((1-p_theta)*(D5-B5)/(2*p_h)+p_theta*IF(u_vel!C5>0,(C5-B5),(D5-C5))/p_h)-v_vel!C5*((1-p_theta)*(C4-C6)/(2*p_h)+p_theta*IF(v_vel!C5>0,(C5-C6),(C4-C5))/p_h)+p_nu*(D5+B5+C4+C6-4*C5)/p_h^2)) | D5: =IF(p_reset=1,0,D5+p_dt*(-u_vel!D5*((1-p_theta)*(E5-C5)/(2*p_h)+p_theta*IF(u_vel!D5>0,(D5-C5),(E5-D5))/p_h)-v_vel!D5*((1-p_theta)*(D4-D6)/(2*p_h)+p_theta*IF(v_vel!D5>0,(D5-D6),(D4-D5))/p_h)+p_nu*(E5+C5+D4+D6-4*D5)/p_h^2)) | E5: =IF(p_reset=1,0,E5+p_dt*(-u_vel!E5*((1-p_theta)*(F5-D5)/(2*p_h)+p_theta*IF(u_vel!E5>0,(E5-D5),(F5-E5))/p_h)-v_vel!E5*((1-p_theta)*(E4-E6)/(2*p_h)+p_theta*IF(v_vel!E5>0,(E5-E6),(E4-E5))/p_h)+p_nu*(F5+D5+E4+E6-4*E5)/p_h^2)) | F5: =IF(p_reset=1,0,F5+p_dt*(-u_vel!F5*((1-p_theta)*(G5-E5)/(2*p_h)+p_theta*IF(u_vel!F5>0,(F5-E5),(G5-F5))/p_h)-v_vel!F5*((1-p_theta)*(F4-F6)/(2*p_h)+p_theta*IF(v_vel!F5>0,(F5-F6),(F4-F5))/p_h)+p_nu*(G5+E5+F4+F6-4*F5)/p_h^2)) | G5: =IF(p_reset=1,0,G5+p_dt*(-u_vel!G5*((1-p_theta)*(H5-F5)/(2*p_h)+p_theta*IF(u_vel!G5>0,(G5-F5),(H5-G5))/p_h)-v_vel!G5*((1-p_theta)*(G4-G6)/(2*p_h)+p_theta*IF(v_vel!G5>0,(G5-G6),(G4-G5))/p_h)+p_nu*(H5+F5+G4+G6-4*G5)/p_h^2)) | H5: =IF(p_reset=1,0,H5+p_dt*(-u_vel!H5*((1-p_theta)*(I5-G5)/(2*p_h)+p_theta*IF(u_vel!H5>0,(H5-G5),(I5-H5))/p_h)-v_vel!H5*((1-p_theta)*(H4-H6)/(2*p_h)+p_theta*IF(v_vel!H5>0,(H5-H6),(H4-H5))/p_h)+p_nu*(I5+G5+H4+H6-4*H5)/p_h^2)) | I5: =IF(p_reset=1,0,I5+p_dt*(-u_vel!I5*((1-p_theta)*(J5-H5)/(2*p_h)+p_theta*IF(u_vel!I5>0,(I5-H5),(J5-I5))/p_h)-v_vel!I5*((1-p_theta)*(I4-I6)/(2*p_h)+p_theta*IF(v_vel!I5>0,(I5-I6),(I4-I5))/p_h)+p_nu*(J5+H5+I4+I6-4*I5)/p_h^2)) | J5: =IF(p_reset=1,0,J5+p_dt*(-u_vel!J5*((1-p_theta)*(K5-I5)/(2*p_h)+p_theta*IF(u_vel!J5>0,(J5-I5),(K5-J5))/p_h)-v_vel!J5*((1-p_theta)*(J4-J6)/(2*p_h)+p_theta*IF(v_vel!J5>0,(J5-J6),(J4-J5))/p_h)+p_nu*(K5+I5+J4+J6-4*J5)/p_h^2)) | ... AG5: =IF(p_reset=1,0,AG5+p_dt*(-u_vel!AG5*((1-p_theta)*(AH5-AF5)/(2*p_h)+p_theta*IF(u_vel!AG5>0,(AG5-AF5),(AH5-AG5))/p_h)-v_vel!AG5*((1-p_theta)*(AG4-AG6)/(2*p_h)+p_theta*IF(v_vel!AG5>0,(AG5-AG6),(AG4-AG5))/p_h)+p_nu*(AH5+AF5+AG4+AG6-4*AG5)/p_h^2)) | AH5: =-2*Psi!AG5/p_h^2
A6: =A5-p_h | B6: =-2*Psi!C6/p_h^2 | C6: =IF(p_reset=1,0,C6+p_dt*(-u_vel!C6*((1-p_theta)*(D6-B6)/(2*p_h)+p_theta*IF(u_vel!C6>0,(C6-B6),(D6-C6))/p_h)-v_vel!C6*((1-p_theta)*(C5-C7)/(2*p_h)+p_theta*IF(v_vel!C6>0,(C6-C7),(C5-C6))/p_h)+p_nu*(D6+B6+C5+C7-4*C6)/p_h^2)) | D6: =IF(p_reset=1,0,D6+p_dt*(-u_vel!D6*((1-p_theta)*(E6-C6)/(2*p_h)+p_theta*IF(u_vel!D6>0,(D6-C6),(E6-D6))/p_h)-v_vel!D6*((1-p_theta)*(D5-D7)/(2*p_h)+p_theta*IF(v_vel!D6>0,(D6-D7),(D5-D6))/p_h)+p_nu*(E6+C6+D5+D7-4*D6)/p_h^2)) | E6: =IF(p_reset=1,0,E6+p_dt*(-u_vel!E6*((1-p_theta)*(F6-D6)/(2*p_h)+p_theta*IF(u_vel!E6>0,(E6-D6),(F6-E6))/p_h)-v_vel!E6*((1-p_theta)*(E5-E7)/(2*p_h)+p_theta*IF(v_vel!E6>0,(E6-E7),(E5-E6))/p_h)+p_nu*(F6+D6+E5+E7-4*E6)/p_h^2)) | F6: =IF(p_reset=1,0,F6+p_dt*(-u_vel!F6*((1-p_theta)*(G6-E6)/(2*p_h)+p_theta*IF(u_vel!F6>0,(F6-E6),(G6-F6))/p_h)-v_vel!F6*((1-p_theta)*(F5-F7)/(2*p_h)+p_theta*IF(v_vel!F6>0,(F6-F7),(F5-F6))/p_h)+p_nu*(G6+E6+F5+F7-4*F6)/p_h^2)) | G6: =IF(p_reset=1,0,G6+p_dt*(-u_vel!G6*((1-p_theta)*(H6-F6)/(2*p_h)+p_theta*IF(u_vel!G6>0,(G6-F6),(H6-G6))/p_h)-v_vel!G6*((1-p_theta)*(G5-G7)/(2*p_h)+p_theta*IF(v_vel!G6>0,(G6-G7),(G5-G6))/p_h)+p_nu*(H6+F6+G5+G7-4*G6)/p_h^2)) | H6: =IF(p_reset=1,0,H6+p_dt*(-u_vel!H6*((1-p_theta)*(I6-G6)/(2*p_h)+p_theta*IF(u_vel!H6>0,(H6-G6),(I6-H6))/p_h)-v_vel!H6*((1-p_theta)*(H5-H7)/(2*p_h)+p_theta*IF(v_vel!H6>0,(H6-H7),(H5-H6))/p_h)+p_nu*(I6+G6+H5+H7-4*H6)/p_h^2)) | I6: =IF(p_reset=1,0,I6+p_dt*(-u_vel!I6*((1-p_theta)*(J6-H6)/(2*p_h)+p_theta*IF(u_vel!I6>0,(I6-H6),(J6-I6))/p_h)-v_vel!I6*((1-p_theta)*(I5-I7)/(2*p_h)+p_theta*IF(v_vel!I6>0,(I6-I7),(I5-I6))/p_h)+p_nu*(J6+H6+I5+I7-4*I6)/p_h^2)) | J6: =IF(p_reset=1,0,J6+p_dt*(-u_vel!J6*((1-p_theta)*(K6-I6)/(2*p_h)+p_theta*IF(u_vel!J6>0,(J6-I6),(K6-J6))/p_h)-v_vel!J6*((1-p_theta)*(J5-J7)/(2*p_h)+p_theta*IF(v_vel!J6>0,(J6-J7),(J5-J6))/p_h)+p_nu*(K6+I6+J5+J7-4*J6)/p_h^2)) | ... AG6: =IF(p_reset=1,0,AG6+p_dt*(-u_vel!AG6*((1-p_theta)*(AH6-AF6)/(2*p_h)+p_theta*IF(u_vel!AG6>0,(AG6-AF6),(AH6-AG6))/p_h)-v_vel!AG6*((1-p_theta)*(AG5-AG7)/(2*p_h)+p_theta*IF(v_vel!AG6>0,(AG6-AG7),(AG5-AG6))/p_h)+p_nu*(AH6+AF6+AG5+AG7-4*AG6)/p_h^2)) | AH6: =-2*Psi!AG6/p_h^2
A7: =A6-p_h | B7: =-2*Psi!C7/p_h^2 | C7: =IF(p_reset=1,0,C7+p_dt*(-u_vel!C7*((1-p_theta)*(D7-B7)/(2*p_h)+p_theta*IF(u_vel!C7>0,(C7-B7),(D7-C7))/p_h)-v_vel!C7*((1-p_theta)*(C6-C8)/(2*p_h)+p_theta*IF(v_vel!C7>0,(C7-C8),(C6-C7))/p_h)+p_nu*(D7+B7+C6+C8-4*C7)/p_h^2)) | D7: =IF(p_reset=1,0,D7+p_dt*(-u_vel!D7*((1-p_theta)*(E7-C7)/(2*p_h)+p_theta*IF(u_vel!D7>0,(D7-C7),(E7-D7))/p_h)-v_vel!D7*((1-p_theta)*(D6-D8)/(2*p_h)+p_theta*IF(v_vel!D7>0,(D7-D8),(D6-D7))/p_h)+p_nu*(E7+C7+D6+D8-4*D7)/p_h^2)) | E7: =IF(p_reset=1,0,E7+p_dt*(-u_vel!E7*((1-p_theta)*(F7-D7)/(2*p_h)+p_theta*IF(u_vel!E7>0,(E7-D7),(F7-E7))/p_h)-v_vel!E7*((1-p_theta)*(E6-E8)/(2*p_h)+p_theta*IF(v_vel!E7>0,(E7-E8),(E6-E7))/p_h)+p_nu*(F7+D7+E6+E8-4*E7)/p_h^2)) | F7: =IF(p_reset=1,0,F7+p_dt*(-u_vel!F7*((1-p_theta)*(G7-E7)/(2*p_h)+p_theta*IF(u_vel!F7>0,(F7-E7),(G7-F7))/p_h)-v_vel!F7*((1-p_theta)*(F6-F8)/(2*p_h)+p_theta*IF(v_vel!F7>0,(F7-F8),(F6-F7))/p_h)+p_nu*(G7+E7+F6+F8-4*F7)/p_h^2)) | G7: =IF(p_reset=1,0,G7+p_dt*(-u_vel!G7*((1-p_theta)*(H7-F7)/(2*p_h)+p_theta*IF(u_vel!G7>0,(G7-F7),(H7-G7))/p_h)-v_vel!G7*((1-p_theta)*(G6-G8)/(2*p_h)+p_theta*IF(v_vel!G7>0,(G7-G8),(G6-G7))/p_h)+p_nu*(H7+F7+G6+G8-4*G7)/p_h^2)) | H7: =IF(p_reset=1,0,H7+p_dt*(-u_vel!H7*((1-p_theta)*(I7-G7)/(2*p_h)+p_theta*IF(u_vel!H7>0,(H7-G7),(I7-H7))/p_h)-v_vel!H7*((1-p_theta)*(H6-H8)/(2*p_h)+p_theta*IF(v_vel!H7>0,(H7-H8),(H6-H7))/p_h)+p_nu*(I7+G7+H6+H8-4*H7)/p_h^2)) | I7: =IF(p_reset=1,0,I7+p_dt*(-u_vel!I7*((1-p_theta)*(J7-H7)/(2*p_h)+p_theta*IF(u_vel!I7>0,(I7-H7),(J7-I7))/p_h)-v_vel!I7*((1-p_theta)*(I6-I8)/(2*p_h)+p_theta*IF(v_vel!I7>0,(I7-I8),(I6-I7))/p_h)+p_nu*(J7+H7+I6+I8-4*I7)/p_h^2)) | J7: =IF(p_reset=1,0,J7+p_dt*(-u_vel!J7*((1-p_theta)*(K7-I7)/(2*p_h)+p_theta*IF(u_vel!J7>0,(J7-I7),(K7-J7))/p_h)-v_vel!J7*((1-p_theta)*(J6-J8)/(2*p_h)+p_theta*IF(v_vel!J7>0,(J7-J8),(J6-J7))/p_h)+p_nu*(K7+I7+J6+J8-4*J7)/p_h^2)) | ... AG7: =IF(p_reset=1,0,AG7+p_dt*(-u_vel!AG7*((1-p_theta)*(AH7-AF7)/(2*p_h)+p_theta*IF(u_vel!AG7>0,(AG7-AF7),(AH7-AG7))/p_h)-v_vel!AG7*((1-p_theta)*(AG6-AG8)/(2*p_h)+p_theta*IF(v_vel!AG7>0,(AG7-AG8),(AG6-AG7))/p_h)+p_nu*(AH7+AF7+AG6+AG8-4*AG7)/p_h^2)) | AH7: =-2*Psi!AG7/p_h^2
A8: =A7-p_h | B8: =-2*Psi!C8/p_h^2 | C8: =IF(p_reset=1,0,C8+p_dt*(-u_vel!C8*((1-p_theta)*(D8-B8)/(2*p_h)+p_theta*IF(u_vel!C8>0,(C8-B8),(D8-C8))/p_h)-v_vel!C8*((1-p_theta)*(C7-C9)/(2*p_h)+p_theta*IF(v_vel!C8>0,(C8-C9),(C7-C8))/p_h)+p_nu*(D8+B8+C7+C9-4*C8)/p_h^2)) | D8: =IF(p_reset=1,0,D8+p_dt*(-u_vel!D8*((1-p_theta)*(E8-C8)/(2*p_h)+p_theta*IF(u_vel!D8>0,(D8-C8),(E8-D8))/p_h)-v_vel!D8*((1-p_theta)*(D7-D9)/(2*p_h)+p_theta*IF(v_vel!D8>0,(D8-D9),(D7-D8))/p_h)+p_nu*(E8+C8+D7+D9-4*D8)/p_h^2)) | E8: =IF(p_reset=1,0,E8+p_dt*(-u_vel!E8*((1-p_theta)*(F8-D8)/(2*p_h)+p_theta*IF(u_vel!E8>0,(E8-D8),(F8-E8))/p_h)-v_vel!E8*((1-p_theta)*(E7-E9)/(2*p_h)+p_theta*IF(v_vel!E8>0,(E8-E9),(E7-E8))/p_h)+p_nu*(F8+D8+E7+E9-4*E8)/p_h^2)) | F8: =IF(p_reset=1,0,F8+p_dt*(-u_vel!F8*((1-p_theta)*(G8-E8)/(2*p_h)+p_theta*IF(u_vel!F8>0,(F8-E8),(G8-F8))/p_h)-v_vel!F8*((1-p_theta)*(F7-F9)/(2*p_h)+p_theta*IF(v_vel!F8>0,(F8-F9),(F7-F8))/p_h)+p_nu*(G8+E8+F7+F9-4*F8)/p_h^2)) | G8: =IF(p_reset=1,0,G8+p_dt*(-u_vel!G8*((1-p_theta)*(H8-F8)/(2*p_h)+p_theta*IF(u_vel!G8>0,(G8-F8),(H8-G8))/p_h)-v_vel!G8*((1-p_theta)*(G7-G9)/(2*p_h)+p_theta*IF(v_vel!G8>0,(G8-G9),(G7-G8))/p_h)+p_nu*(H8+F8+G7+G9-4*G8)/p_h^2)) | H8: =IF(p_reset=1,0,H8+p_dt*(-u_vel!H8*((1-p_theta)*(I8-G8)/(2*p_h)+p_theta*IF(u_vel!H8>0,(H8-G8),(I8-H8))/p_h)-v_vel!H8*((1-p_theta)*(H7-H9)/(2*p_h)+p_theta*IF(v_vel!H8>0,(H8-H9),(H7-H8))/p_h)+p_nu*(I8+G8+H7+H9-4*H8)/p_h^2)) | I8: =IF(p_reset=1,0,I8+p_dt*(-u_vel!I8*((1-p_theta)*(J8-H8)/(2*p_h)+p_theta*IF(u_vel!I8>0,(I8-H8),(J8-I8))/p_h)-v_vel!I8*((1-p_theta)*(I7-I9)/(2*p_h)+p_theta*IF(v_vel!I8>0,(I8-I9),(I7-I8))/p_h)+p_nu*(J8+H8+I7+I9-4*I8)/p_h^2)) | J8: =IF(p_reset=1,0,J8+p_dt*(-u_vel!J8*((1-p_theta)*(K8-I8)/(2*p_h)+p_theta*IF(u_vel!J8>0,(J8-I8),(K8-J8))/p_h)-v_vel!J8*((1-p_theta)*(J7-J9)/(2*p_h)+p_theta*IF(v_vel!J8>0,(J8-J9),(J7-J8))/p_h)+p_nu*(K8+I8+J7+J9-4*J8)/p_h^2)) | ... AG8: =IF(p_reset=1,0,AG8+p_dt*(-u_vel!AG8*((1-p_theta)*(AH8-AF8)/(2*p_h)+p_theta*IF(u_vel!AG8>0,(AG8-AF8),(AH8-AG8))/p_h)-v_vel!AG8*((1-p_theta)*(AG7-AG9)/(2*p_h)+p_theta*IF(v_vel!AG8>0,(AG8-AG9),(AG7-AG8))/p_h)+p_nu*(AH8+AF8+AG7+AG9-4*AG8)/p_h^2)) | AH8: =-2*Psi!AG8/p_h^2
A9: =A8-p_h | B9: =-2*Psi!C9/p_h^2 | C9: =IF(p_reset=1,0,C9+p_dt*(-u_vel!C9*((1-p_theta)*(D9-B9)/(2*p_h)+p_theta*IF(u_vel!C9>0,(C9-B9),(D9-C9))/p_h)-v_vel!C9*((1-p_theta)*(C8-C10)/(2*p_h)+p_theta*IF(v_vel!C9>0,(C9-C10),(C8-C9))/p_h)+p_nu*(D9+B9+C8+C10-4*C9)/p_h^2)) | D9: =IF(p_reset=1,0,D9+p_dt*(-u_vel!D9*((1-p_theta)*(E9-C9)/(2*p_h)+p_theta*IF(u_vel!D9>0,(D9-C9),(E9-D9))/p_h)-v_vel!D9*((1-p_theta)*(D8-D10)/(2*p_h)+p_theta*IF(v_vel!D9>0,(D9-D10),(D8-D9))/p_h)+p_nu*(E9+C9+D8+D10-4*D9)/p_h^2)) | E9: =IF(p_reset=1,0,E9+p_dt*(-u_vel!E9*((1-p_theta)*(F9-D9)/(2*p_h)+p_theta*IF(u_vel!E9>0,(E9-D9),(F9-E9))/p_h)-v_vel!E9*((1-p_theta)*(E8-E10)/(2*p_h)+p_theta*IF(v_vel!E9>0,(E9-E10),(E8-E9))/p_h)+p_nu*(F9+D9+E8+E10-4*E9)/p_h^2)) | F9: =IF(p_reset=1,0,F9+p_dt*(-u_vel!F9*((1-p_theta)*(G9-E9)/(2*p_h)+p_theta*IF(u_vel!F9>0,(F9-E9),(G9-F9))/p_h)-v_vel!F9*((1-p_theta)*(F8-F10)/(2*p_h)+p_theta*IF(v_vel!F9>0,(F9-F10),(F8-F9))/p_h)+p_nu*(G9+E9+F8+F10-4*F9)/p_h^2)) | G9: =IF(p_reset=1,0,G9+p_dt*(-u_vel!G9*((1-p_theta)*(H9-F9)/(2*p_h)+p_theta*IF(u_vel!G9>0,(G9-F9),(H9-G9))/p_h)-v_vel!G9*((1-p_theta)*(G8-G10)/(2*p_h)+p_theta*IF(v_vel!G9>0,(G9-G10),(G8-G9))/p_h)+p_nu*(H9+F9+G8+G10-4*G9)/p_h^2)) | H9: =IF(p_reset=1,0,H9+p_dt*(-u_vel!H9*((1-p_theta)*(I9-G9)/(2*p_h)+p_theta*IF(u_vel!H9>0,(H9-G9),(I9-H9))/p_h)-v_vel!H9*((1-p_theta)*(H8-H10)/(2*p_h)+p_theta*IF(v_vel!H9>0,(H9-H10),(H8-H9))/p_h)+p_nu*(I9+G9+H8+H10-4*H9)/p_h^2)) | I9: =IF(p_reset=1,0,I9+p_dt*(-u_vel!I9*((1-p_theta)*(J9-H9)/(2*p_h)+p_theta*IF(u_vel!I9>0,(I9-H9),(J9-I9))/p_h)-v_vel!I9*((1-p_theta)*(I8-I10)/(2*p_h)+p_theta*IF(v_vel!I9>0,(I9-I10),(I8-I9))/p_h)+p_nu*(J9+H9+I8+I10-4*I9)/p_h^2)) | J9: =IF(p_reset=1,0,J9+p_dt*(-u_vel!J9*((1-p_theta)*(K9-I9)/(2*p_h)+p_theta*IF(u_vel!J9>0,(J9-I9),(K9-J9))/p_h)-v_vel!J9*((1-p_theta)*(J8-J10)/(2*p_h)+p_theta*IF(v_vel!J9>0,(J9-J10),(J8-J9))/p_h)+p_nu*(K9+I9+J8+J10-4*J9)/p_h^2)) | ... AG9: =IF(p_reset=1,0,AG9+p_dt*(-u_vel!AG9*((1-p_theta)*(AH9-AF9)/(2*p_h)+p_theta*IF(u_vel!AG9>0,(AG9-AF9),(AH9-AG9))/p_h)-v_vel!AG9*((1-p_theta)*(AG8-AG10)/(2*p_h)+p_theta*IF(v_vel!AG9>0,(AG9-AG10),(AG8-AG9))/p_h)+p_nu*(AH9+AF9+AG8+AG10-4*AG9)/p_h^2)) | AH9: =-2*Psi!AG9/p_h^2
A10: =A9-p_h | B10: =-2*Psi!C10/p_h^2 | C10: =IF(p_reset=1,0,C10+p_dt*(-u_vel!C10*((1-p_theta)*(D10-B10)/(2*p_h)+p_theta*IF(u_vel!C10>0,(C10-B10),(D10-C10))/p_h)-v_vel!C10*((1-p_theta)*(C9-C11)/(2*p_h)+p_theta*IF(v_vel!C10>0,(C10-C11),(C9-C10))/p_h)+p_nu*(D10+B10+C9+C11-4*C10)/p_h^2)) | D10: =IF(p_reset=1,0,D10+p_dt*(-u_vel!D10*((1-p_theta)*(E10-C10)/(2*p_h)+p_theta*IF(u_vel!D10>0,(D10-C10),(E10-D10))/p_h)-v_vel!D10*((1-p_theta)*(D9-D11)/(2*p_h)+p_theta*IF(v_vel!D10>0,(D10-D11),(D9-D10))/p_h)+p_nu*(E10+C10+D9+D11-4*D10)/p_h^2)) | E10: =IF(p_reset=1,0,E10+p_dt*(-u_vel!E10*((1-p_theta)*(F10-D10)/(2*p_h)+p_theta*IF(u_vel!E10>0,(E10-D10),(F10-E10))/p_h)-v_vel!E10*((1-p_theta)*(E9-E11)/(2*p_h)+p_theta*IF(v_vel!E10>0,(E10-E11),(E9-E10))/p_h)+p_nu*(F10+D10+E9+E11-4*E10)/p_h^2)) | F10: =IF(p_reset=1,0,F10+p_dt*(-u_vel!F10*((1-p_theta)*(G10-E10)/(2*p_h)+p_theta*IF(u_vel!F10>0,(F10-E10),(G10-F10))/p_h)-v_vel!F10*((1-p_theta)*(F9-F11)/(2*p_h)+p_theta*IF(v_vel!F10>0,(F10-F11),(F9-F10))/p_h)+p_nu*(G10+E10+F9+F11-4*F10)/p_h^2)) | G10: =IF(p_reset=1,0,G10+p_dt*(-u_vel!G10*((1-p_theta)*(H10-F10)/(2*p_h)+p_theta*IF(u_vel!G10>0,(G10-F10),(H10-G10))/p_h)-v_vel!G10*((1-p_theta)*(G9-G11)/(2*p_h)+p_theta*IF(v_vel!G10>0,(G10-G11),(G9-G10))/p_h)+p_nu*(H10+F10+G9+G11-4*G10)/p_h^2)) | H10: =IF(p_reset=1,0,H10+p_dt*(-u_vel!H10*((1-p_theta)*(I10-G10)/(2*p_h)+p_theta*IF(u_vel!H10>0,(H10-G10),(I10-H10))/p_h)-v_vel!H10*((1-p_theta)*(H9-H11)/(2*p_h)+p_theta*IF(v_vel!H10>0,(H10-H11),(H9-H10))/p_h)+p_nu*(I10+G10+H9+H11-4*H10)/p_h^2)) | I10: =IF(p_reset=1,0,I10+p_dt*(-u_vel!I10*((1-p_theta)*(J10-H10)/(2*p_h)+p_theta*IF(u_vel!I10>0,(I10-H10),(J10-I10))/p_h)-v_vel!I10*((1-p_theta)*(I9-I11)/(2*p_h)+p_theta*IF(v_vel!I10>0,(I10-I11),(I9-I10))/p_h)+p_nu*(J10+H10+I9+I11-4*I10)/p_h^2)) | J10: =IF(p_reset=1,0,J10+p_dt*(-u_vel!J10*((1-p_theta)*(K10-I10)/(2*p_h)+p_theta*IF(u_vel!J10>0,(J10-I10),(K10-J10))/p_h)-v_vel!J10*((1-p_theta)*(J9-J11)/(2*p_h)+p_theta*IF(v_vel!J10>0,(J10-J11),(J9-J10))/p_h)+p_nu*(K10+I10+J9+J11-4*J10)/p_h^2)) | ... AG10: =IF(p_reset=1,0,AG10+p_dt*(-u_vel!AG10*((1-p_theta)*(AH10-AF10)/(2*p_h)+p_theta*IF(u_vel!AG10>0,(AG10-AF10),(AH10-AG10))/p_h)-v_vel!AG10*((1-p_theta)*(AG9-AG11)/(2*p_h)+p_theta*IF(v_vel!AG10>0,(AG10-AG11),(AG9-AG10))/p_h)+p_nu*(AH10+AF10+AG9+AG11-4*AG10)/p_h^2)) | AH10: =-2*Psi!AG10/p_h^2
A11: =A10-p_h | B11: =-2*Psi!C11/p_h^2 | C11: =IF(p_reset=1,0,C11+p_dt*(-u_vel!C11*((1-p_theta)*(D11-B11)/(2*p_h)+p_theta*IF(u_vel!C11>0,(C11-B11),(D11-C11))/p_h)-v_vel!C11*((1-p_theta)*(C10-C12)/(2*p_h)+p_theta*IF(v_vel!C11>0,(C11-C12),(C10-C11))/p_h)+p_nu*(D11+B11+C10+C12-4*C11)/p_h^2)) | D11: =IF(p_reset=1,0,D11+p_dt*(-u_vel!D11*((1-p_theta)*(E11-C11)/(2*p_h)+p_theta*IF(u_vel!D11>0,(D11-C11),(E11-D11))/p_h)-v_vel!D11*((1-p_theta)*(D10-D12)/(2*p_h)+p_theta*IF(v_vel!D11>0,(D11-D12),(D10-D11))/p_h)+p_nu*(E11+C11+D10+D12-4*D11)/p_h^2)) | E11: =IF(p_reset=1,0,E11+p_dt*(-u_vel!E11*((1-p_theta)*(F11-D11)/(2*p_h)+p_theta*IF(u_vel!E11>0,(E11-D11),(F11-E11))/p_h)-v_vel!E11*((1-p_theta)*(E10-E12)/(2*p_h)+p_theta*IF(v_vel!E11>0,(E11-E12),(E10-E11))/p_h)+p_nu*(F11+D11+E10+E12-4*E11)/p_h^2)) | F11: =IF(p_reset=1,0,F11+p_dt*(-u_vel!F11*((1-p_theta)*(G11-E11)/(2*p_h)+p_theta*IF(u_vel!F11>0,(F11-E11),(G11-F11))/p_h)-v_vel!F11*((1-p_theta)*(F10-F12)/(2*p_h)+p_theta*IF(v_vel!F11>0,(F11-F12),(F10-F11))/p_h)+p_nu*(G11+E11+F10+F12-4*F11)/p_h^2)) | G11: =IF(p_reset=1,0,G11+p_dt*(-u_vel!G11*((1-p_theta)*(H11-F11)/(2*p_h)+p_theta*IF(u_vel!G11>0,(G11-F11),(H11-G11))/p_h)-v_vel!G11*((1-p_theta)*(G10-G12)/(2*p_h)+p_theta*IF(v_vel!G11>0,(G11-G12),(G10-G11))/p_h)+p_nu*(H11+F11+G10+G12-4*G11)/p_h^2)) | H11: =IF(p_reset=1,0,H11+p_dt*(-u_vel!H11*((1-p_theta)*(I11-G11)/(2*p_h)+p_theta*IF(u_vel!H11>0,(H11-G11),(I11-H11))/p_h)-v_vel!H11*((1-p_theta)*(H10-H12)/(2*p_h)+p_theta*IF(v_vel!H11>0,(H11-H12),(H10-H11))/p_h)+p_nu*(I11+G11+H10+H12-4*H11)/p_h^2)) | I11: =IF(p_reset=1,0,I11+p_dt*(-u_vel!I11*((1-p_theta)*(J11-H11)/(2*p_h)+p_theta*IF(u_vel!I11>0,(I11-H11),(J11-I11))/p_h)-v_vel!I11*((1-p_theta)*(I10-I12)/(2*p_h)+p_theta*IF(v_vel!I11>0,(I11-I12),(I10-I11))/p_h)+p_nu*(J11+H11+I10+I12-4*I11)/p_h^2)) | J11: =IF(p_reset=1,0,J11+p_dt*(-u_vel!J11*((1-p_theta)*(K11-I11)/(2*p_h)+p_theta*IF(u_vel!J11>0,(J11-I11),(K11-J11))/p_h)-v_vel!J11*((1-p_theta)*(J10-J12)/(2*p_h)+p_theta*IF(v_vel!J11>0,(J11-J12),(J10-J11))/p_h)+p_nu*(K11+I11+J10+J12-4*J11)/p_h^2)) | ... AG11: =IF(p_reset=1,0,AG11+p_dt*(-u_vel!AG11*((1-p_theta)*(AH11-AF11)/(2*p_h)+p_theta*IF(u_vel!AG11>0,(AG11-AF11),(AH11-AG11))/p_h)-v_vel!AG11*((1-p_theta)*(AG10-AG12)/(2*p_h)+p_theta*IF(v_vel!AG11>0,(AG11-AG12),(AG10-AG11))/p_h)+p_nu*(AH11+AF11+AG10+AG12-4*AG11)/p_h^2)) | AH11: =-2*Psi!AG11/p_h^2
A12: =A11-p_h | B12: =-2*Psi!C12/p_h^2 | C12: =IF(p_reset=1,0,C12+p_dt*(-u_vel!C12*((1-p_theta)*(D12-B12)/(2*p_h)+p_theta*IF(u_vel!C12>0,(C12-B12),(D12-C12))/p_h)-v_vel!C12*((1-p_theta)*(C11-C13)/(2*p_h)+p_theta*IF(v_vel!C12>0,(C12-C13),(C11-C12))/p_h)+p_nu*(D12+B12+C11+C13-4*C12)/p_h^2)) | D12: =IF(p_reset=1,0,D12+p_dt*(-u_vel!D12*((1-p_theta)*(E12-C12)/(2*p_h)+p_theta*IF(u_vel!D12>0,(D12-C12),(E12-D12))/p_h)-v_vel!D12*((1-p_theta)*(D11-D13)/(2*p_h)+p_theta*IF(v_vel!D12>0,(D12-D13),(D11-D12))/p_h)+p_nu*(E12+C12+D11+D13-4*D12)/p_h^2)) | E12: =IF(p_reset=1,0,E12+p_dt*(-u_vel!E12*((1-p_theta)*(F12-D12)/(2*p_h)+p_theta*IF(u_vel!E12>0,(E12-D12),(F12-E12))/p_h)-v_vel!E12*((1-p_theta)*(E11-E13)/(2*p_h)+p_theta*IF(v_vel!E12>0,(E12-E13),(E11-E12))/p_h)+p_nu*(F12+D12+E11+E13-4*E12)/p_h^2)) | F12: =IF(p_reset=1,0,F12+p_dt*(-u_vel!F12*((1-p_theta)*(G12-E12)/(2*p_h)+p_theta*IF(u_vel!F12>0,(F12-E12),(G12-F12))/p_h)-v_vel!F12*((1-p_theta)*(F11-F13)/(2*p_h)+p_theta*IF(v_vel!F12>0,(F12-F13),(F11-F12))/p_h)+p_nu*(G12+E12+F11+F13-4*F12)/p_h^2)) | G12: =IF(p_reset=1,0,G12+p_dt*(-u_vel!G12*((1-p_theta)*(H12-F12)/(2*p_h)+p_theta*IF(u_vel!G12>0,(G12-F12),(H12-G12))/p_h)-v_vel!G12*((1-p_theta)*(G11-G13)/(2*p_h)+p_theta*IF(v_vel!G12>0,(G12-G13),(G11-G12))/p_h)+p_nu*(H12+F12+G11+G13-4*G12)/p_h^2)) | H12: =IF(p_reset=1,0,H12+p_dt*(-u_vel!H12*((1-p_theta)*(I12-G12)/(2*p_h)+p_theta*IF(u_vel!H12>0,(H12-G12),(I12-H12))/p_h)-v_vel!H12*((1-p_theta)*(H11-H13)/(2*p_h)+p_theta*IF(v_vel!H12>0,(H12-H13),(H11-H12))/p_h)+p_nu*(I12+G12+H11+H13-4*H12)/p_h^2)) | I12: =IF(p_reset=1,0,I12+p_dt*(-u_vel!I12*((1-p_theta)*(J12-H12)/(2*p_h)+p_theta*IF(u_vel!I12>0,(I12-H12),(J12-I12))/p_h)-v_vel!I12*((1-p_theta)*(I11-I13)/(2*p_h)+p_theta*IF(v_vel!I12>0,(I12-I13),(I11-I12))/p_h)+p_nu*(J12+H12+I11+I13-4*I12)/p_h^2)) | J12: =IF(p_reset=1,0,J12+p_dt*(-u_vel!J12*((1-p_theta)*(K12-I12)/(2*p_h)+p_theta*IF(u_vel!J12>0,(J12-I12),(K12-J12))/p_h)-v_vel!J12*((1-p_theta)*(J11-J13)/(2*p_h)+p_theta*IF(v_vel!J12>0,(J12-J13),(J11-J12))/p_h)+p_nu*(K12+I12+J11+J13-4*J12)/p_h^2)) | ... AG12: =IF(p_reset=1,0,AG12+p_dt*(-u_vel!AG12*((1-p_theta)*(AH12-AF12)/(2*p_h)+p_theta*IF(u_vel!AG12>0,(AG12-AF12),(AH12-AG12))/p_h)-v_vel!AG12*((1-p_theta)*(AG11-AG13)/(2*p_h)+p_theta*IF(v_vel!AG12>0,(AG12-AG13),(AG11-AG12))/p_h)+p_nu*(AH12+AF12+AG11+AG13-4*AG12)/p_h^2)) | AH12: =-2*Psi!AG12/p_h^2
A13: =A12-p_h | B13: =-2*Psi!C13/p_h^2 | C13: =IF(p_reset=1,0,C13+p_dt*(-u_vel!C13*((1-p_theta)*(D13-B13)/(2*p_h)+p_theta*IF(u_vel!C13>0,(C13-B13),(D13-C13))/p_h)-v_vel!C13*((1-p_theta)*(C12-C14)/(2*p_h)+p_theta*IF(v_vel!C13>0,(C13-C14),(C12-C13))/p_h)+p_nu*(D13+B13+C12+C14-4*C13)/p_h^2)) | D13: =IF(p_reset=1,0,D13+p_dt*(-u_vel!D13*((1-p_theta)*(E13-C13)/(2*p_h)+p_theta*IF(u_vel!D13>0,(D13-C13),(E13-D13))/p_h)-v_vel!D13*((1-p_theta)*(D12-D14)/(2*p_h)+p_theta*IF(v_vel!D13>0,(D13-D14),(D12-D13))/p_h)+p_nu*(E13+C13+D12+D14-4*D13)/p_h^2)) | E13: =IF(p_reset=1,0,E13+p_dt*(-u_vel!E13*((1-p_theta)*(F13-D13)/(2*p_h)+p_theta*IF(u_vel!E13>0,(E13-D13),(F13-E13))/p_h)-v_vel!E13*((1-p_theta)*(E12-E14)/(2*p_h)+p_theta*IF(v_vel!E13>0,(E13-E14),(E12-E13))/p_h)+p_nu*(F13+D13+E12+E14-4*E13)/p_h^2)) | F13: =IF(p_reset=1,0,F13+p_dt*(-u_vel!F13*((1-p_theta)*(G13-E13)/(2*p_h)+p_theta*IF(u_vel!F13>0,(F13-E13),(G13-F13))/p_h)-v_vel!F13*((1-p_theta)*(F12-F14)/(2*p_h)+p_theta*IF(v_vel!F13>0,(F13-F14),(F12-F13))/p_h)+p_nu*(G13+E13+F12+F14-4*F13)/p_h^2)) | G13: =IF(p_reset=1,0,G13+p_dt*(-u_vel!G13*((1-p_theta)*(H13-F13)/(2*p_h)+p_theta*IF(u_vel!G13>0,(G13-F13),(H13-G13))/p_h)-v_vel!G13*((1-p_theta)*(G12-G14)/(2*p_h)+p_theta*IF(v_vel!G13>0,(G13-G14),(G12-G13))/p_h)+p_nu*(H13+F13+G12+G14-4*G13)/p_h^2)) | H13: =IF(p_reset=1,0,H13+p_dt*(-u_vel!H13*((1-p_theta)*(I13-G13)/(2*p_h)+p_theta*IF(u_vel!H13>0,(H13-G13),(I13-H13))/p_h)-v_vel!H13*((1-p_theta)*(H12-H14)/(2*p_h)+p_theta*IF(v_vel!H13>0,(H13-H14),(H12-H13))/p_h)+p_nu*(I13+G13+H12+H14-4*H13)/p_h^2)) | I13: =IF(p_reset=1,0,I13+p_dt*(-u_vel!I13*((1-p_theta)*(J13-H13)/(2*p_h)+p_theta*IF(u_vel!I13>0,(I13-H13),(J13-I13))/p_h)-v_vel!I13*((1-p_theta)*(I12-I14)/(2*p_h)+p_theta*IF(v_vel!I13>0,(I13-I14),(I12-I13))/p_h)+p_nu*(J13+H13+I12+I14-4*I13)/p_h^2)) | J13: =IF(p_reset=1,0,J13+p_dt*(-u_vel!J13*((1-p_theta)*(K13-I13)/(2*p_h)+p_theta*IF(u_vel!J13>0,(J13-I13),(K13-J13))/p_h)-v_vel!J13*((1-p_theta)*(J12-J14)/(2*p_h)+p_theta*IF(v_vel!J13>0,(J13-J14),(J12-J13))/p_h)+p_nu*(K13+I13+J12+J14-4*J13)/p_h^2)) | ... AG13: =IF(p_reset=1,0,AG13+p_dt*(-u_vel!AG13*((1-p_theta)*(AH13-AF13)/(2*p_h)+p_theta*IF(u_vel!AG13>0,(AG13-AF13),(AH13-AG13))/p_h)-v_vel!AG13*((1-p_theta)*(AG12-AG14)/(2*p_h)+p_theta*IF(v_vel!AG13>0,(AG13-AG14),(AG12-AG13))/p_h)+p_nu*(AH13+AF13+AG12+AG14-4*AG13)/p_h^2)) | AH13: =-2*Psi!AG13/p_h^2
A14: =A13-p_h | B14: =-2*Psi!C14/p_h^2 | C14: =IF(p_reset=1,0,C14+p_dt*(-u_vel!C14*((1-p_theta)*(D14-B14)/(2*p_h)+p_theta*IF(u_vel!C14>0,(C14-B14),(D14-C14))/p_h)-v_vel!C14*((1-p_theta)*(C13-C15)/(2*p_h)+p_theta*IF(v_vel!C14>0,(C14-C15),(C13-C14))/p_h)+p_nu*(D14+B14+C13+C15-4*C14)/p_h^2)) | D14: =IF(p_reset=1,0,D14+p_dt*(-u_vel!D14*((1-p_theta)*(E14-C14)/(2*p_h)+p_theta*IF(u_vel!D14>0,(D14-C14),(E14-D14))/p_h)-v_vel!D14*((1-p_theta)*(D13-D15)/(2*p_h)+p_theta*IF(v_vel!D14>0,(D14-D15),(D13-D14))/p_h)+p_nu*(E14+C14+D13+D15-4*D14)/p_h^2)) | E14: =IF(p_reset=1,0,E14+p_dt*(-u_vel!E14*((1-p_theta)*(F14-D14)/(2*p_h)+p_theta*IF(u_vel!E14>0,(E14-D14),(F14-E14))/p_h)-v_vel!E14*((1-p_theta)*(E13-E15)/(2*p_h)+p_theta*IF(v_vel!E14>0,(E14-E15),(E13-E14))/p_h)+p_nu*(F14+D14+E13+E15-4*E14)/p_h^2)) | F14: =IF(p_reset=1,0,F14+p_dt*(-u_vel!F14*((1-p_theta)*(G14-E14)/(2*p_h)+p_theta*IF(u_vel!F14>0,(F14-E14),(G14-F14))/p_h)-v_vel!F14*((1-p_theta)*(F13-F15)/(2*p_h)+p_theta*IF(v_vel!F14>0,(F14-F15),(F13-F14))/p_h)+p_nu*(G14+E14+F13+F15-4*F14)/p_h^2)) | G14: =IF(p_reset=1,0,G14+p_dt*(-u_vel!G14*((1-p_theta)*(H14-F14)/(2*p_h)+p_theta*IF(u_vel!G14>0,(G14-F14),(H14-G14))/p_h)-v_vel!G14*((1-p_theta)*(G13-G15)/(2*p_h)+p_theta*IF(v_vel!G14>0,(G14-G15),(G13-G14))/p_h)+p_nu*(H14+F14+G13+G15-4*G14)/p_h^2)) | H14: =IF(p_reset=1,0,H14+p_dt*(-u_vel!H14*((1-p_theta)*(I14-G14)/(2*p_h)+p_theta*IF(u_vel!H14>0,(H14-G14),(I14-H14))/p_h)-v_vel!H14*((1-p_theta)*(H13-H15)/(2*p_h)+p_theta*IF(v_vel!H14>0,(H14-H15),(H13-H14))/p_h)+p_nu*(I14+G14+H13+H15-4*H14)/p_h^2)) | I14: =IF(p_reset=1,0,I14+p_dt*(-u_vel!I14*((1-p_theta)*(J14-H14)/(2*p_h)+p_theta*IF(u_vel!I14>0,(I14-H14),(J14-I14))/p_h)-v_vel!I14*((1-p_theta)*(I13-I15)/(2*p_h)+p_theta*IF(v_vel!I14>0,(I14-I15),(I13-I14))/p_h)+p_nu*(J14+H14+I13+I15-4*I14)/p_h^2)) | J14: =IF(p_reset=1,0,J14+p_dt*(-u_vel!J14*((1-p_theta)*(K14-I14)/(2*p_h)+p_theta*IF(u_vel!J14>0,(J14-I14),(K14-J14))/p_h)-v_vel!J14*((1-p_theta)*(J13-J15)/(2*p_h)+p_theta*IF(v_vel!J14>0,(J14-J15),(J13-J14))/p_h)+p_nu*(K14+I14+J13+J15-4*J14)/p_h^2)) | ... AG14: =IF(p_reset=1,0,AG14+p_dt*(-u_vel!AG14*((1-p_theta)*(AH14-AF14)/(2*p_h)+p_theta*IF(u_vel!AG14>0,(AG14-AF14),(AH14-AG14))/p_h)-v_vel!AG14*((1-p_theta)*(AG13-AG15)/(2*p_h)+p_theta*IF(v_vel!AG14>0,(AG14-AG15),(AG13-AG14))/p_h)+p_nu*(AH14+AF14+AG13+AG15-4*AG14)/p_h^2)) | AH14: =-2*Psi!AG14/p_h^2
A15: =A14-p_h | B15: =-2*Psi!C15/p_h^2 | C15: =IF(p_reset=1,0,C15+p_dt*(-u_vel!C15*((1-p_theta)*(D15-B15)/(2*p_h)+p_theta*IF(u_vel!C15>0,(C15-B15),(D15-C15))/p_h)-v_vel!C15*((1-p_theta)*(C14-C16)/(2*p_h)+p_theta*IF(v_vel!C15>0,(C15-C16),(C14-C15))/p_h)+p_nu*(D15+B15+C14+C16-4*C15)/p_h^2)) | D15: =IF(p_reset=1,0,D15+p_dt*(-u_vel!D15*((1-p_theta)*(E15-C15)/(2*p_h)+p_theta*IF(u_vel!D15>0,(D15-C15),(E15-D15))/p_h)-v_vel!D15*((1-p_theta)*(D14-D16)/(2*p_h)+p_theta*IF(v_vel!D15>0,(D15-D16),(D14-D15))/p_h)+p_nu*(E15+C15+D14+D16-4*D15)/p_h^2)) | E15: =IF(p_reset=1,0,E15+p_dt*(-u_vel!E15*((1-p_theta)*(F15-D15)/(2*p_h)+p_theta*IF(u_vel!E15>0,(E15-D15),(F15-E15))/p_h)-v_vel!E15*((1-p_theta)*(E14-E16)/(2*p_h)+p_theta*IF(v_vel!E15>0,(E15-E16),(E14-E15))/p_h)+p_nu*(F15+D15+E14+E16-4*E15)/p_h^2)) | F15: =IF(p_reset=1,0,F15+p_dt*(-u_vel!F15*((1-p_theta)*(G15-E15)/(2*p_h)+p_theta*IF(u_vel!F15>0,(F15-E15),(G15-F15))/p_h)-v_vel!F15*((1-p_theta)*(F14-F16)/(2*p_h)+p_theta*IF(v_vel!F15>0,(F15-F16),(F14-F15))/p_h)+p_nu*(G15+E15+F14+F16-4*F15)/p_h^2)) | G15: =IF(p_reset=1,0,G15+p_dt*(-u_vel!G15*((1-p_theta)*(H15-F15)/(2*p_h)+p_theta*IF(u_vel!G15>0,(G15-F15),(H15-G15))/p_h)-v_vel!G15*((1-p_theta)*(G14-G16)/(2*p_h)+p_theta*IF(v_vel!G15>0,(G15-G16),(G14-G15))/p_h)+p_nu*(H15+F15+G14+G16-4*G15)/p_h^2)) | H15: =IF(p_reset=1,0,H15+p_dt*(-u_vel!H15*((1-p_theta)*(I15-G15)/(2*p_h)+p_theta*IF(u_vel!H15>0,(H15-G15),(I15-H15))/p_h)-v_vel!H15*((1-p_theta)*(H14-H16)/(2*p_h)+p_theta*IF(v_vel!H15>0,(H15-H16),(H14-H15))/p_h)+p_nu*(I15+G15+H14+H16-4*H15)/p_h^2)) | I15: =IF(p_reset=1,0,I15+p_dt*(-u_vel!I15*((1-p_theta)*(J15-H15)/(2*p_h)+p_theta*IF(u_vel!I15>0,(I15-H15),(J15-I15))/p_h)-v_vel!I15*((1-p_theta)*(I14-I16)/(2*p_h)+p_theta*IF(v_vel!I15>0,(I15-I16),(I14-I15))/p_h)+p_nu*(J15+H15+I14+I16-4*I15)/p_h^2)) | J15: =IF(p_reset=1,0,J15+p_dt*(-u_vel!J15*((1-p_theta)*(K15-I15)/(2*p_h)+p_theta*IF(u_vel!J15>0,(J15-I15),(K15-J15))/p_h)-v_vel!J15*((1-p_theta)*(J14-J16)/(2*p_h)+p_theta*IF(v_vel!J15>0,(J15-J16),(J14-J15))/p_h)+p_nu*(K15+I15+J14+J16-4*J15)/p_h^2)) | ... AG15: =IF(p_reset=1,0,AG15+p_dt*(-u_vel!AG15*((1-p_theta)*(AH15-AF15)/(2*p_h)+p_theta*IF(u_vel!AG15>0,(AG15-AF15),(AH15-AG15))/p_h)-v_vel!AG15*((1-p_theta)*(AG14-AG16)/(2*p_h)+p_theta*IF(v_vel!AG15>0,(AG15-AG16),(AG14-AG15))/p_h)+p_nu*(AH15+AF15+AG14+AG16-4*AG15)/p_h^2)) | AH15: =-2*Psi!AG15/p_h^2
... A34: =A33-p_h | B34: =-2*Psi!C34/p_h^2 | C34: =IF(p_reset=1,0,C34+p_dt*(-u_vel!C34*((1-p_theta)*(D34-B34)/(2*p_h)+p_theta*IF(u_vel!C34>0,(C34-B34),(D34-C34))/p_h)-v_vel!C34*((1-p_theta)*(C33-C35)/(2*p_h)+p_theta*IF(v_vel!C34>0,(C34-C35),(C33-C34))/p_h)+p_nu*(D34+B34+C33+C35-4*C34)/p_h^2)) | D34: =IF(p_reset=1,0,D34+p_dt*(-u_vel!D34*((1-p_theta)*(E34-C34)/(2*p_h)+p_theta*IF(u_vel!D34>0,(D34-C34),(E34-D34))/p_h)-v_vel!D34*((1-p_theta)*(D33-D35)/(2*p_h)+p_theta*IF(v_vel!D34>0,(D34-D35),(D33-D34))/p_h)+p_nu*(E34+C34+D33+D35-4*D34)/p_h^2)) | E34: =IF(p_reset=1,0,E34+p_dt*(-u_vel!E34*((1-p_theta)*(F34-D34)/(2*p_h)+p_theta*IF(u_vel!E34>0,(E34-D34),(F34-E34))/p_h)-v_vel!E34*((1-p_theta)*(E33-E35)/(2*p_h)+p_theta*IF(v_vel!E34>0,(E34-E35),(E33-E34))/p_h)+p_nu*(F34+D34+E33+E35-4*E34)/p_h^2)) | F34: =IF(p_reset=1,0,F34+p_dt*(-u_vel!F34*((1-p_theta)*(G34-E34)/(2*p_h)+p_theta*IF(u_vel!F34>0,(F34-E34),(G34-F34))/p_h)-v_vel!F34*((1-p_theta)*(F33-F35)/(2*p_h)+p_theta*IF(v_vel!F34>0,(F34-F35),(F33-F34))/p_h)+p_nu*(G34+E34+F33+F35-4*F34)/p_h^2)) | G34: =IF(p_reset=1,0,G34+p_dt*(-u_vel!G34*((1-p_theta)*(H34-F34)/(2*p_h)+p_theta*IF(u_vel!G34>0,(G34-F34),(H34-G34))/p_h)-v_vel!G34*((1-p_theta)*(G33-G35)/(2*p_h)+p_theta*IF(v_vel!G34>0,(G34-G35),(G33-G34))/p_h)+p_nu*(H34+F34+G33+G35-4*G34)/p_h^2)) | H34: =IF(p_reset=1,0,H34+p_dt*(-u_vel!H34*((1-p_theta)*(I34-G34)/(2*p_h)+p_theta*IF(u_vel!H34>0,(H34-G34),(I34-H34))/p_h)-v_vel!H34*((1-p_theta)*(H33-H35)/(2*p_h)+p_theta*IF(v_vel!H34>0,(H34-H35),(H33-H34))/p_h)+p_nu*(I34+G34+H33+H35-4*H34)/p_h^2)) | I34: =IF(p_reset=1,0,I34+p_dt*(-u_vel!I34*((1-p_theta)*(J34-H34)/(2*p_h)+p_theta*IF(u_vel!I34>0,(I34-H34),(J34-I34))/p_h)-v_vel!I34*((1-p_theta)*(I33-I35)/(2*p_h)+p_theta*IF(v_vel!I34>0,(I34-I35),(I33-I34))/p_h)+p_nu*(J34+H34+I33+I35-4*I34)/p_h^2)) | J34: =IF(p_reset=1,0,J34+p_dt*(-u_vel!J34*((1-p_theta)*(K34-I34)/(2*p_h)+p_theta*IF(u_vel!J34>0,(J34-I34),(K34-J34))/p_h)-v_vel!J34*((1-p_theta)*(J33-J35)/(2*p_h)+p_theta*IF(v_vel!J34>0,(J34-J35),(J33-J34))/p_h)+p_nu*(K34+I34+J33+J35-4*J34)/p_h^2)) | ... AG34: =IF(p_reset=1,0,AG34+p_dt*(-u_vel!AG34*((1-p_theta)*(AH34-AF34)/(2*p_h)+p_theta*IF(u_vel!AG34>0,(AG34-AF34),(AH34-AG34))/p_h)-v_vel!AG34*((1-p_theta)*(AG33-AG35)/(2*p_h)+p_theta*IF(v_vel!AG34>0,(AG34-AG35),(AG33-AG34))/p_h)+p_nu*(AH34+AF34+AG33+AG35-4*AG34)/p_h^2)) | AH34: =-2*Psi!AG34/p_h^2
A35: =A34-p_h | B35: 0 | C35: =-2*Psi!C34/p_h^2 | D35: =-2*Psi!D34/p_h^2 | E35: =-2*Psi!E34/p_h^2 | F35: =-2*Psi!F34/p_h^2 | G35: =-2*Psi!G34/p_h^2 | H35: =-2*Psi!H34/p_h^2 | I35: =-2*Psi!I34/p_h^2 | J35: =-2*Psi!J34/p_h^2 | ... AG35: =-2*Psi!AG34/p_h^2 | AH35: 0

Sheet u_vel
A1: Horizontal velocity u
A2: y \ x | B2: 0 | C2: =B2+p_h | D2: =C2+p_h | E2: =D2+p_h | F2: =E2+p_h | G2: =F2+p_h | H2: =G2+p_h | I2: =H2+p_h | J2: =I2+p_h | ... AH2: =AG2+p_h
A3: =32*p_h | B3: =p_U | C3: =p_U | D3: =p_U | E3: =p_U | F3: =p_U | G3: =p_U | H3: =p_U | I3: =p_U | ... AH3: =p_U
A4: =A3-p_h | B4: 0 | C4: =(Psi!C3-Psi!C5)/(2*p_h) | D4: =(Psi!D3-Psi!D5)/(2*p_h) | E4: =(Psi!E3-Psi!E5)/(2*p_h) | F4: =(Psi!F3-Psi!F5)/(2*p_h) | G4: =(Psi!G3-Psi!G5)/(2*p_h) | H4: =(Psi!H3-Psi!H5)/(2*p_h) | I4: =(Psi!I3-Psi!I5)/(2*p_h) | J4: =(Psi!J3-Psi!J5)/(2*p_h) | ... AG4: =(Psi!AG3-Psi!AG5)/(2*p_h) | AH4: 0
A5: =A4-p_h | B5: 0 | C5: =(Psi!C4-Psi!C6)/(2*p_h) | D5: =(Psi!D4-Psi!D6)/(2*p_h) | E5: =(Psi!E4-Psi!E6)/(2*p_h) | F5: =(Psi!F4-Psi!F6)/(2*p_h) | G5: =(Psi!G4-Psi!G6)/(2*p_h) | H5: =(Psi!H4-Psi!H6)/(2*p_h) | I5: =(Psi!I4-Psi!I6)/(2*p_h) | J5: =(Psi!J4-Psi!J6)/(2*p_h) | ... AG5: =(Psi!AG4-Psi!AG6)/(2*p_h) | AH5: 0
A6: =A5-p_h | B6: 0 | C6: =(Psi!C5-Psi!C7)/(2*p_h) | D6: =(Psi!D5-Psi!D7)/(2*p_h) | E6: =(Psi!E5-Psi!E7)/(2*p_h) | F6: =(Psi!F5-Psi!F7)/(2*p_h) | G6: =(Psi!G5-Psi!G7)/(2*p_h) | H6: =(Psi!H5-Psi!H7)/(2*p_h) | I6: =(Psi!I5-Psi!I7)/(2*p_h) | J6: =(Psi!J5-Psi!J7)/(2*p_h) | ... AG6: =(Psi!AG5-Psi!AG7)/(2*p_h) | AH6: 0
A7: =A6-p_h | B7: 0 | C7: =(Psi!C6-Psi!C8)/(2*p_h) | D7: =(Psi!D6-Psi!D8)/(2*p_h) | E7: =(Psi!E6-Psi!E8)/(2*p_h) | F7: =(Psi!F6-Psi!F8)/(2*p_h) | G7: =(Psi!G6-Psi!G8)/(2*p_h) | H7: =(Psi!H6-Psi!H8)/(2*p_h) | I7: =(Psi!I6-Psi!I8)/(2*p_h) | J7: =(Psi!J6-Psi!J8)/(2*p_h) | ... AG7: =(Psi!AG6-Psi!AG8)/(2*p_h) | AH7: 0
A8: =A7-p_h | B8: 0 | C8: =(Psi!C7-Psi!C9)/(2*p_h) | D8: =(Psi!D7-Psi!D9)/(2*p_h) | E8: =(Psi!E7-Psi!E9)/(2*p_h) | F8: =(Psi!F7-Psi!F9)/(2*p_h) | G8: =(Psi!G7-Psi!G9)/(2*p_h) | H8: =(Psi!H7-Psi!H9)/(2*p_h) | I8: =(Psi!I7-Psi!I9)/(2*p_h) | J8: =(Psi!J7-Psi!J9)/(2*p_h) | ... AG8: =(Psi!AG7-Psi!AG9)/(2*p_h) | AH8: 0
A9: =A8-p_h | B9: 0 | C9: =(Psi!C8-Psi!C10)/(2*p_h) | D9: =(Psi!D8-Psi!D10)/(2*p_h) | E9: =(Psi!E8-Psi!E10)/(2*p_h) | F9: =(Psi!F8-Psi!F10)/(2*p_h) | G9: =(Psi!G8-Psi!G10)/(2*p_h) | H9: =(Psi!H8-Psi!H10)/(2*p_h) | I9: =(Psi!I8-Psi!I10)/(2*p_h) | J9: =(Psi!J8-Psi!J10)/(2*p_h) | ... AG9: =(Psi!AG8-Psi!AG10)/(2*p_h) | AH9: 0
A10: =A9-p_h | B10: 0 | C10: =(Psi!C9-Psi!C11)/(2*p_h) | D10: =(Psi!D9-Psi!D11)/(2*p_h) | E10: =(Psi!E9-Psi!E11)/(2*p_h) | F10: =(Psi!F9-Psi!F11)/(2*p_h) | G10: =(Psi!G9-Psi!G11)/(2*p_h) | H10: =(Psi!H9-Psi!H11)/(2*p_h) | I10: =(Psi!I9-Psi!I11)/(2*p_h) | J10: =(Psi!J9-Psi!J11)/(2*p_h) | ... AG10: =(Psi!AG9-Psi!AG11)/(2*p_h) | AH10: 0
A11: =A10-p_h | B11: 0 | C11: =(Psi!C10-Psi!C12)/(2*p_h) | D11: =(Psi!D10-Psi!D12)/(2*p_h) | E11: =(Psi!E10-Psi!E12)/(2*p_h) | F11: =(Psi!F10-Psi!F12)/(2*p_h) | G11: =(Psi!G10-Psi!G12)/(2*p_h) | H11: =(Psi!H10-Psi!H12)/(2*p_h) | I11: =(Psi!I10-Psi!I12)/(2*p_h) | J11: =(Psi!J10-Psi!J12)/(2*p_h) | ... AG11: =(Psi!AG10-Psi!AG12)/(2*p_h) | AH11: 0
A12: =A11-p_h | B12: 0 | C12: =(Psi!C11-Psi!C13)/(2*p_h) | D12: =(Psi!D11-Psi!D13)/(2*p_h) | E12: =(Psi!E11-Psi!E13)/(2*p_h) | F12: =(Psi!F11-Psi!F13)/(2*p_h) | G12: =(Psi!G11-Psi!G13)/(2*p_h) | H12: =(Psi!H11-Psi!H13)/(2*p_h) | I12: =(Psi!I11-Psi!I13)/(2*p_h) | J12: =(Psi!J11-Psi!J13)/(2*p_h) | ... AG12: =(Psi!AG11-Psi!AG13)/(2*p_h) | AH12: 0
A13: =A12-p_h | B13: 0 | C13: =(Psi!C12-Psi!C14)/(2*p_h) | D13: =(Psi!D12-Psi!D14)/(2*p_h) | E13: =(Psi!E12-Psi!E14)/(2*p_h) | F13: =(Psi!F12-Psi!F14)/(2*p_h) | G13: =(Psi!G12-Psi!G14)/(2*p_h) | H13: =(Psi!H12-Psi!H14)/(2*p_h) | I13: =(Psi!I12-Psi!I14)/(2*p_h) | J13: =(Psi!J12-Psi!J14)/(2*p_h) | ... AG13: =(Psi!AG12-Psi!AG14)/(2*p_h) | AH13: 0
A14: =A13-p_h | B14: 0 | C14: =(Psi!C13-Psi!C15)/(2*p_h) | D14: =(Psi!D13-Psi!D15)/(2*p_h) | E14: =(Psi!E13-Psi!E15)/(2*p_h) | F14: =(Psi!F13-Psi!F15)/(2*p_h) | G14: =(Psi!G13-Psi!G15)/(2*p_h) | H14: =(Psi!H13-Psi!H15)/(2*p_h) | I14: =(Psi!I13-Psi!I15)/(2*p_h) | J14: =(Psi!J13-Psi!J15)/(2*p_h) | ... AG14: =(Psi!AG13-Psi!AG15)/(2*p_h) | AH14: 0
A15: =A14-p_h | B15: 0 | C15: =(Psi!C14-Psi!C16)/(2*p_h) | D15: =(Psi!D14-Psi!D16)/(2*p_h) | E15: =(Psi!E14-Psi!E16)/(2*p_h) | F15: =(Psi!F14-Psi!F16)/(2*p_h) | G15: =(Psi!G14-Psi!G16)/(2*p_h) | H15: =(Psi!H14-Psi!H16)/(2*p_h) | I15: =(Psi!I14-Psi!I16)/(2*p_h) | J15: =(Psi!J14-Psi!J16)/(2*p_h) | ... AG15: =(Psi!AG14-Psi!AG16)/(2*p_h) | AH15: 0
... A34: =A33-p_h | B34: 0 | C34: =(Psi!C33-Psi!C35)/(2*p_h) | D34: =(Psi!D33-Psi!D35)/(2*p_h) | E34: =(Psi!E33-Psi!E35)/(2*p_h) | F34: =(Psi!F33-Psi!F35)/(2*p_h) | G34: =(Psi!G33-Psi!G35)/(2*p_h) | H34: =(Psi!H33-Psi!H35)/(2*p_h) | I34: =(Psi!I33-Psi!I35)/(2*p_h) | J34: =(Psi!J33-Psi!J35)/(2*p_h) | ... AG34: =(Psi!AG33-Psi!AG35)/(2*p_h) | AH34: 0
A35: =A34-p_h | B35: 0 | C35: 0 | D35: 0 | E35: 0 | F35: 0 | G35: 0 | H35: 0 | I35: 0 | J35: 0 | K35: 0 | L35: 0 | M35: 0 | N35: 0 | O35: 0 | P35: 0 | Q35: 0 | R35: 0 | S35: 0 | T35: 0 | U35: 0 | V35: 0 | W35: 0 | X35: 0 | Y35: 0 | Z35: 0 | AA35: 0 | AB35: 0 | AC35: 0 | AD35: 0 | AE35: 0 | AF35: 0 | AG35: 0 | AH35: 0

Sheet v_vel
A1: Vertical velocity v
A2: y \ x | B2: 0 | C2: =B2+p_h | D2: =C2+p_h | E2: =D2+p_h | F2: =E2+p_h | G2: =F2+p_h | H2: =G2+p_h | I2: =H2+p_h | J2: =I2+p_h | ... AH2: =AG2+p_h
A3: =32*p_h | B3: 0 | C3: 0 | D3: 0 | E3: 0 | F3: 0 | G3: 0 | H3: 0 | I3: 0 | J3: 0 | K3: 0 | L3: 0 | M3: 0 | N3: 0 | O3: 0 | P3: 0 | Q3: 0 | R3: 0 | S3: 0 | T3: 0 | U3: 0 | V3: 0 | W3: 0 | X3: 0 | Y3: 0 | Z3: 0 | AA3: 0 | AB3: 0 | AC3: 0 | AD3: 0 | AE3: 0 | AF3: 0 | AG3: 0 | AH3: 0
A4: =A3-p_h | B4: 0 | C4: =-(Psi!D4-Psi!B4)/(2*p_h) | D4: =-(Psi!E4-Psi!C4)/(2*p_h) | E4: =-(Psi!F4-Psi!D4)/(2*p_h) | F4: =-(Psi!G4-Psi!E4)/(2*p_h) | G4: =-(Psi!H4-Psi!F4)/(2*p_h) | H4: =-(Psi!I4-Psi!G4)/(2*p_h) | I4: =-(Psi!J4-Psi!H4)/(2*p_h) | J4: =-(Psi!K4-Psi!I4)/(2*p_h) | ... AG4: =-(Psi!AH4-Psi!AF4)/(2*p_h) | AH4: 0
A5: =A4-p_h | B5: 0 | C5: =-(Psi!D5-Psi!B5)/(2*p_h) | D5: =-(Psi!E5-Psi!C5)/(2*p_h) | E5: =-(Psi!F5-Psi!D5)/(2*p_h) | F5: =-(Psi!G5-Psi!E5)/(2*p_h) | G5: =-(Psi!H5-Psi!F5)/(2*p_h) | H5: =-(Psi!I5-Psi!G5)/(2*p_h) | I5: =-(Psi!J5-Psi!H5)/(2*p_h) | J5: =-(Psi!K5-Psi!I5)/(2*p_h) | ... AG5: =-(Psi!AH5-Psi!AF5)/(2*p_h) | AH5: 0
A6: =A5-p_h | B6: 0 | C6: =-(Psi!D6-Psi!B6)/(2*p_h) | D6: =-(Psi!E6-Psi!C6)/(2*p_h) | E6: =-(Psi!F6-Psi!D6)/(2*p_h) | F6: =-(Psi!G6-Psi!E6)/(2*p_h) | G6: =-(Psi!H6-Psi!F6)/(2*p_h) | H6: =-(Psi!I6-Psi!G6)/(2*p_h) | I6: =-(Psi!J6-Psi!H6)/(2*p_h) | J6: =-(Psi!K6-Psi!I6)/(2*p_h) | ... AG6: =-(Psi!AH6-Psi!AF6)/(2*p_h) | AH6: 0
A7: =A6-p_h | B7: 0 | C7: =-(Psi!D7-Psi!B7)/(2*p_h) | D7: =-(Psi!E7-Psi!C7)/(2*p_h) | E7: =-(Psi!F7-Psi!D7)/(2*p_h) | F7: =-(Psi!G7-Psi!E7)/(2*p_h) | G7: =-(Psi!H7-Psi!F7)/(2*p_h) | H7: =-(Psi!I7-Psi!G7)/(2*p_h) | I7: =-(Psi!J7-Psi!H7)/(2*p_h) | J7: =-(Psi!K7-Psi!I7)/(2*p_h) | ... AG7: =-(Psi!AH7-Psi!AF7)/(2*p_h) | AH7: 0
A8: =A7-p_h | B8: 0 | C8: =-(Psi!D8-Psi!B8)/(2*p_h) | D8: =-(Psi!E8-Psi!C8)/(2*p_h) | E8: =-(Psi!F8-Psi!D8)/(2*p_h) | F8: =-(Psi!G8-Psi!E8)/(2*p_h) | G8: =-(Psi!H8-Psi!F8)/(2*p_h) | H8: =-(Psi!I8-Psi!G8)/(2*p_h) | I8: =-(Psi!J8-Psi!H8)/(2*p_h) | J8: =-(Psi!K8-Psi!I8)/(2*p_h) | ... AG8: =-(Psi!AH8-Psi!AF8)/(2*p_h) | AH8: 0
A9: =A8-p_h | B9: 0 | C9: =-(Psi!D9-Psi!B9)/(2*p_h) | D9: =-(Psi!E9-Psi!C9)/(2*p_h) | E9: =-(Psi!F9-Psi!D9)/(2*p_h) | F9: =-(Psi!G9-Psi!E9)/(2*p_h) | G9: =-(Psi!H9-Psi!F9)/(2*p_h) | H9: =-(Psi!I9-Psi!G9)/(2*p_h) | I9: =-(Psi!J9-Psi!H9)/(2*p_h) | J9: =-(Psi!K9-Psi!I9)/(2*p_h) | ... AG9: =-(Psi!AH9-Psi!AF9)/(2*p_h) | AH9: 0
A10: =A9-p_h | B10: 0 | C10: =-(Psi!D10-Psi!B10)/(2*p_h) | D10: =-(Psi!E10-Psi!C10)/(2*p_h) | E10: =-(Psi!F10-Psi!D10)/(2*p_h) | F10: =-(Psi!G10-Psi!E10)/(2*p_h) | G10: =-(Psi!H10-Psi!F10)/(2*p_h) | H10: =-(Psi!I10-Psi!G10)/(2*p_h) | I10: =-(Psi!J10-Psi!H10)/(2*p_h) | J10: =-(Psi!K10-Psi!I10)/(2*p_h) | ... AG10: =-(Psi!AH10-Psi!AF10)/(2*p_h) | AH10: 0
A11: =A10-p_h | B11: 0 | C11: =-(Psi!D11-Psi!B11)/(2*p_h) | D11: =-(Psi!E11-Psi!C11)/(2*p_h) | E11: =-(Psi!F11-Psi!D11)/(2*p_h) | F11: =-(Psi!G11-Psi!E11)/(2*p_h) | G11: =-(Psi!H11-Psi!F11)/(2*p_h) | H11: =-(Psi!I11-Psi!G11)/(2*p_h) | I11: =-(Psi!J11-Psi!H11)/(2*p_h) | J11: =-(Psi!K11-Psi!I11)/(2*p_h) | ... AG11: =-(Psi!AH11-Psi!AF11)/(2*p_h) | AH11: 0
A12: =A11-p_h | B12: 0 | C12: =-(Psi!D12-Psi!B12)/(2*p_h) | D12: =-(Psi!E12-Psi!C12)/(2*p_h) | E12: =-(Psi!F12-Psi!D12)/(2*p_h) | F12: =-(Psi!G12-Psi!E12)/(2*p_h) | G12: =-(Psi!H12-Psi!F12)/(2*p_h) | H12: =-(Psi!I12-Psi!G12)/(2*p_h) | I12: =-(Psi!J12-Psi!H12)/(2*p_h) | J12: =-(Psi!K12-Psi!I12)/(2*p_h) | ... AG12: =-(Psi!AH12-Psi!AF12)/(2*p_h) | AH12: 0
A13: =A12-p_h | B13: 0 | C13: =-(Psi!D13-Psi!B13)/(2*p_h) | D13: =-(Psi!E13-Psi!C13)/(2*p_h) | E13: =-(Psi!F13-Psi!D13)/(2*p_h) | F13: =-(Psi!G13-Psi!E13)/(2*p_h) | G13: =-(Psi!H13-Psi!F13)/(2*p_h) | H13: =-(Psi!I13-Psi!G13)/(2*p_h) | I13: =-(Psi!J13-Psi!H13)/(2*p_h) | J13: =-(Psi!K13-Psi!I13)/(2*p_h) | ... AG13: =-(Psi!AH13-Psi!AF13)/(2*p_h) | AH13: 0
A14: =A13-p_h | B14: 0 | C14: =-(Psi!D14-Psi!B14)/(2*p_h) | D14: =-(Psi!E14-Psi!C14)/(2*p_h) | E14: =-(Psi!F14-Psi!D14)/(2*p_h) | F14: =-(Psi!G14-Psi!E14)/(2*p_h) | G14: =-(Psi!H14-Psi!F14)/(2*p_h) | H14: =-(Psi!I14-Psi!G14)/(2*p_h) | I14: =-(Psi!J14-Psi!H14)/(2*p_h) | J14: =-(Psi!K14-Psi!I14)/(2*p_h) | ... AG14: =-(Psi!AH14-Psi!AF14)/(2*p_h) | AH14: 0
A15: =A14-p_h | B15: 0 | C15: =-(Psi!D15-Psi!B15)/(2*p_h) | D15: =-(Psi!E15-Psi!C15)/(2*p_h) | E15: =-(Psi!F15-Psi!D15)/(2*p_h) | F15: =-(Psi!G15-Psi!E15)/(2*p_h) | G15: =-(Psi!H15-Psi!F15)/(2*p_h) | H15: =-(Psi!I15-Psi!G15)/(2*p_h) | I15: =-(Psi!J15-Psi!H15)/(2*p_h) | J15: =-(Psi!K15-Psi!I15)/(2*p_h) | ... AG15: =-(Psi!AH15-Psi!AF15)/(2*p_h) | AH15: 0
... A34: =A33-p_h | B34: 0 | C34: =-(Psi!D34-Psi!B34)/(2*p_h) | D34: =-(Psi!E34-Psi!C34)/(2*p_h) | E34: =-(Psi!F34-Psi!D34)/(2*p_h) | F34: =-(Psi!G34-Psi!E34)/(2*p_h) | G34: =-(Psi!H34-Psi!F34)/(2*p_h) | H34: =-(Psi!I34-Psi!G34)/(2*p_h) | I34: =-(Psi!J34-Psi!H34)/(2*p_h) | J34: =-(Psi!K34-Psi!I34)/(2*p_h) | ... AG34: =-(Psi!AH34-Psi!AF34)/(2*p_h) | AH34: 0
A35: =A34-p_h | B35: 0 | C35: 0 | D35: 0 | E35: 0 | F35: 0 | G35: 0 | H35: 0 | I35: 0 | J35: 0 | K35: 0 | L35: 0 | M35: 0 | N35: 0 | O35: 0 | P35: 0 | Q35: 0 | R35: 0 | S35: 0 | T35: 0 | U35: 0 | V35: 0 | W35: 0 | X35: 0 | Y35: 0 | Z35: 0 | AA35: 0 | AB35: 0 | AC35: 0 | AD35: 0 | AE35: 0 | AF35: 0 | AG35: 0 | AH35: 0

Sheet Validation
A1: Vertical centre line (x = 0.5): u-velocity, spreadsheet vs Ghia, Ghia & Shin (1982), Re = 100
A2: y | B2: u (spreadsheet) | D2: y (Ghia) | E2: u (Ghia) | F2: row k | G2: u spreadsheet @ y | H2: difference | J2: Summary
A3: =u_vel!A3 | B3: =u_vel!R3 | D3: 1 | E3: 1 | F3: =MATCH(D3-0.000000001,$A$3:$A$35,-1) | G3: =IF(D3>=$A$3-0.000000001,$B$3,IF(D3<=$A$35+0.000000001,$B$35,INDEX($B$3:$B$35,F3)+(D3-INDEX($A$3:$A$35,F3))*(INDEX($B$3:$B$35,F3+1)-INDEX($B$3:$B$35,F3))/(INDEX($A$3:$A$35,F3+1)-INDEX($A$3:$A$35,F3)))) | H3: =G3-E3 | J3: RMS error vs Ghia | K3: =IF(p_Re=100,SQRT(SUMSQ(H3:H19)/17),"n/a (Re<>100)")
A4: =u_vel!A4 | B4: =u_vel!R4 | D4: 0.9766 | E4: 0.84123 | F4: =MATCH(D4-0.000000001,$A$3:$A$35,-1) | G4: =IF(D4>=$A$3-0.000000001,$B$3,IF(D4<=$A$35+0.000000001,$B$35,INDEX($B$3:$B$35,F4)+(D4-INDEX($A$3:$A$35,F4))*(INDEX($B$3:$B$35,F4+1)-INDEX($B$3:$B$35,F4))/(INDEX($A$3:$A$35,F4+1)-INDEX($A$3:$A$35,F4)))) | H4: =G4-E4
A5: =u_vel!A5 | B5: =u_vel!R5 | D5: 0.9688 | E5: 0.78871 | F5: =MATCH(D5-0.000000001,$A$3:$A$35,-1) | G5: =IF(D5>=$A$3-0.000000001,$B$3,IF(D5<=$A$35+0.000000001,$B$35,INDEX($B$3:$B$35,F5)+(D5-INDEX($A$3:$A$35,F5))*(INDEX($B$3:$B$35,F5+1)-INDEX($B$3:$B$35,F5))/(INDEX($A$3:$A$35,F5+1)-INDEX($A$3:$A$35,F5)))) | H5: =G5-E5
A6: =u_vel!A6 | B6: =u_vel!R6 | D6: 0.9609 | E6: 0.73722 | F6: =MATCH(D6-0.000000001,$A$3:$A$35,-1) | G6: =IF(D6>=$A$3-0.000000001,$B$3,IF(D6<=$A$35+0.000000001,$B$35,INDEX($B$3:$B$35,F6)+(D6-INDEX($A$3:$A$35,F6))*(INDEX($B$3:$B$35,F6+1)-INDEX($B$3:$B$35,F6))/(INDEX($A$3:$A$35,F6+1)-INDEX($A$3:$A$35,F6)))) | H6: =G6-E6
A7: =u_vel!A7 | B7: =u_vel!R7 | D7: 0.9531 | E7: 0.68717 | F7: =MATCH(D7-0.000000001,$A$3:$A$35,-1) | G7: =IF(D7>=$A$3-0.000000001,$B$3,IF(D7<=$A$35+0.000000001,$B$35,INDEX($B$3:$B$35,F7)+(D7-INDEX($A$3:$A$35,F7))*(INDEX($B$3:$B$35,F7+1)-INDEX($B$3:$B$35,F7))/(INDEX($A$3:$A$35,F7+1)-INDEX($A$3:$A$35,F7)))) | H7: =G7-E7
A8: =u_vel!A8 | B8: =u_vel!R8 | D8: 0.8516 | E8: 0.23151 | F8: =MATCH(D8-0.000000001,$A$3:$A$35,-1) | G8: =IF(D8>=$A$3-0.000000001,$B$3,IF(D8<=$A$35+0.000000001,$B$35,INDEX($B$3:$B$35,F8)+(D8-INDEX($A$3:$A$35,F8))*(INDEX($B$3:$B$35,F8+1)-INDEX($B$3:$B$35,F8))/(INDEX($A$3:$A$35,F8+1)-INDEX($A$3:$A$35,F8)))) | H8: =G8-E8
A9: =u_vel!A9 | B9: =u_vel!R9 | D9: 0.7344 | E9: 0.00332 | F9: =MATCH(D9-0.000000001,$A$3:$A$35,-1) | G9: =IF(D9>=$A$3-0.000000001,$B$3,IF(D9<=$A$35+0.000000001,$B$35,INDEX($B$3:$B$35,F9)+(D9-INDEX($A$3:$A$35,F9))*(INDEX($B$3:$B$35,F9+1)-INDEX($B$3:$B$35,F9))/(INDEX($A$3:$A$35,F9+1)-INDEX($A$3:$A$35,F9)))) | H9: =G9-E9
A10: =u_vel!A10 | B10: =u_vel!R10 | D10: 0.6172 | E10: -0.13641 | F10: =MATCH(D10-0.000000001,$A$3:$A$35,-1) | G10: =IF(D10>=$A$3-0.000000001,$B$3,IF(D10<=$A$35+0.000000001,$B$35,INDEX($B$3:$B$35,F10)+(D10-INDEX($A$3:$A$35,F10))*(INDEX($B$3:$B$35,F10+1)-INDEX($B$3:$B$35,F10))/(INDEX($A$3:$A$35,F10+1)-INDEX($A$3:$A$35,F10)))) | H10: =G10-E10
A11: =u_vel!A11 | B11: =u_vel!R11 | D11: 0.5 | E11: -0.20581 | F11: =MATCH(D11-0.000000001,$A$3:$A$35,-1) | G11: =IF(D11>=$A$3-0.000000001,$B$3,IF(D11<=$A$35+0.000000001,$B$35,INDEX($B$3:$B$35,F11)+(D11-INDEX($A$3:$A$35,F11))*(INDEX($B$3:$B$35,F11+1)-INDEX($B$3:$B$35,F11))/(INDEX($A$3:$A$35,F11+1)-INDEX($A$3:$A$35,F11)))) | H11: =G11-E11
A12: =u_vel!A12 | B12: =u_vel!R12 | D12: 0.4531 | E12: -0.2109 | F12: =MATCH(D12-0.000000001,$A$3:$A$35,-1) | G12: =IF(D12>=$A$3-0.000000001,$B$3,IF(D12<=$A$35+0.000000001,$B$35,INDEX($B$3:$B$35,F12)+(D12-INDEX($A$3:$A$35,F12))*(INDEX($B$3:$B$35,F12+1)-INDEX($B$3:$B$35,F12))/(INDEX($A$3:$A$35,F12+1)-INDEX($A$3:$A$35,F12)))) | H12: =G12-E12
A13: =u_vel!A13 | B13: =u_vel!R13 | D13: 0.2813 | E13: -0.15662 | F13: =MATCH(D13-0.000000001,$A$3:$A$35,-1) | G13: =IF(D13>=$A$3-0.000000001,$B$3,IF(D13<=$A$35+0.000000001,$B$35,INDEX($B$3:$B$35,F13)+(D13-INDEX($A$3:$A$35,F13))*(INDEX($B$3:$B$35,F13+1)-INDEX($B$3:$B$35,F13))/(INDEX($A$3:$A$35,F13+1)-INDEX($A$3:$A$35,F13)))) | H13: =G13-E13
A14: =u_vel!A14 | B14: =u_vel!R14 | D14: 0.1719 | E14: -0.1015 | F14: =MATCH(D14-0.000000001,$A$3:$A$35,-1) | G14: =IF(D14>=$A$3-0.000000001,$B$3,IF(D14<=$A$35+0.000000001,$B$35,INDEX($B$3:$B$35,F14)+(D14-INDEX($A$3:$A$35,F14))*(INDEX($B$3:$B$35,F14+1)-INDEX($B$3:$B$35,F14))/(INDEX($A$3:$A$35,F14+1)-INDEX($A$3:$A$35,F14)))) | H14: =G14-E14
A15: =u_vel!A15 | B15: =u_vel!R15 | D15: 0.1016 | E15: -0.06434 | F15: =MATCH(D15-0.000000001,$A$3:$A$35,-1) | G15: =IF(D15>=$A$3-0.000000001,$B$3,IF(D15<=$A$35+0.000000001,$B$35,INDEX($B$3:$B$35,F15)+(D15-INDEX($A$3:$A$35,F15))*(INDEX($B$3:$B$35,F15+1)-INDEX($B$3:$B$35,F15))/(INDEX($A$3:$A$35,F15+1)-INDEX($A$3:$A$35,F15)))) | H15: =G15-E15
... A19: =u_vel!A19 | B19: =u_vel!R19 | D19: 0 | E19: 0 | F19: =MATCH(D19-0.000000001,$A$3:$A$35,-1) | G19: =IF(D19>=$A$3-0.000000001,$B$3,IF(D19<=$A$35+0.000000001,$B$35,INDEX($B$3:$B$35,F19)+(D19-INDEX($A$3:$A$35,F19))*(INDEX($B$3:$B$35,F19+1)-INDEX($B$3:$B$35,F19))/(INDEX($A$3:$A$35,F19+1)-INDEX($A$3:$A$35,F19)))) | H19: =G19-E19
A20: =u_vel!A20 | B20: =u_vel!R20
A21: =u_vel!A21 | B21: =u_vel!R21 | D21: Ghia values are typed-in benchmark data (blue). Source: U. Ghia, K.N. Ghia, C.T. Shin, J. Comput. Phys. 48 (1982) 387-411, Table I (129x129 grid, Re = 100). Differences of a few 1e-2 are expected from the coarser grid here.
A22: =u_vel!A22 | B22: =u_vel!R22
A23: =u_vel!A23 | B23: =u_vel!R23
A24: =u_vel!A24 | B24: =u_vel!R24
A25: =u_vel!A25 | B25: =u_vel!R25
A26: =u_vel!A26 | B26: =u_vel!R26
A27: =u_vel!A27 | B27: =u_vel!R27
A28: =u_vel!A28 | B28: =u_vel!R28
A29: =u_vel!A29 | B29: =u_vel!R29
A30: =u_vel!A30 | B30: =u_vel!R30
A31: =u_vel!A31 | B31: =u_vel!R31
A32: =u_vel!A32 | B32: =u_vel!R32
A33: =u_vel!A33 | B33: =u_vel!R33
... A35: =u_vel!A35 | B35: =u_vel!R35
