Workbook

Sheet Start Here
D3: Learn CFD one cell at a time
D4: CFD by Hand
D5: FVM Foundations: free sample
D6: The first five worksheets of FVM Foundations, free. Start from zero and finish with your first finite volume solution and every kind of boundary cell.
B11: How this pack works
B13: 1 | C13: Read the How to Use tab first (two minutes, one Excel setting), then start with Lesson 0: the method and the notation.
B15: 2 | C15: Each lesson has a Learn tab and an Answers tab with the same layout. Work down the Learn tab and fill the cream boxes.
B17: 3 | C17: A ✓ appears next to each box when your answer is right and a ✗ when it is not. The score sits top right.
B19: 4 | C19: Finished Lesson 4? The full FVM Foundations pack carries on from Lesson 5 (link at the bottom of this tab).
B21: 5 | C21: Keep the Cheat Sheet tab open in another window. It has every boundary type and the exact solutions on one page.
B24: Contents
C26: Lesson | D26: Topic | E26: What you learn | F26: Answers | G26: Progress
B27: L0 | C27: Meshes, cells, centres and faces | D27: Mesh anatomy | E27: Cells, centres, faces, Δx, counting faces in 1D and 2D, notation | F27: Answers | G27: ='L0 Learn'!L3 -> 0 / 16
B28: L1 | C28: What an integral over a cell means | D28: Integrals | E28: dV = dx in 1D, the midpoint rule, ∫ dJ/dx dx = J_e − J_w, conservation | F28: Answers | G28: ='L1 Learn'!L3 -> 0 / 14
B29: L2 | C29: Values and slopes on faces | D29: Face approximations | E29: Central slope, face averages, error halving, boundary half cells | F29: Answers | G29: ='L2 Learn'!L3 -> 0 / 14
B30: L3 | C30: Your first finite volume solution | D30: 1D diffusion | E30: Integrate, approximate, collect: a 2 cell hand solve and 5 cells in Excel | F30: Answers | G30: ='L3 Learn'!L3 -> 0 / 18
B31: L4 | C31: Boundary cells | D31: Boundary conditions | E31: Fixed value (2D rule), known flux, zero gradient, mixed (Robin) | F31: Answers | G31: ='L4 Learn'!L3 -> 0 / 25
B33: Enjoyed it? The full FVM Foundations pack has 6 more worksheets and 8 practice problems. Get it at cfdbyhand.gumroad.com/l/fvm-foundations
B35: Start with How to Use →
B37: This workbook is for your own learning. Please do not share or resell it. Questions, mistakes you spot, or ideas for the next pack: linktr.ee/cfdbyhand
B40: CFD by Hand · Learn CFD one cell at a time · linktr.ee/cfdbyhand

Sheet How to Use
B2: BEFORE YOU START
B3: How to use this pack
B5: 0 Have a pen and paper ready
B7: Do every derivation on paper first. For each problem: sketch the mesh with every centre and face labelled, write the equation, integrate it over ONE cell, replace every face term with centre values, and collect the coefficients. Only then build the table in Excel.
B9: 1 Iterative calculation
B11: From Lesson 3 onwards every cell value is a formula that points at its neighbours, so the formulas refer to each other. Excel needs iterative calculation switched on to solve them (it sweeps the mesh until nothing changes). Switch it on once as below.
B12: W | C12: Windows
C13: File → Options → Formulas. Tick "Enable iterative calculation". Set Maximum Iterations to 1000 and Maximum Change to 0.0001. Press OK.
B15: M | C15: Mac
C16: Excel → Preferences → Calculation. Tick "Use iterative calculation". Set Maximum iterations to 1000 and Maximum change to 0.0001.
B18: The workbook is saved with these settings, but Excel uses the settings of the first workbook you open in a session. If you see a circular reference warning, check this step.
B20: 2 What the colours mean
D22: Your turn. Type a number or a formula, or pick from the drop down list.
C24: 200 | D24: Inputs and given values. Change them to try your own cases.
C26: wall A | D26: Boundary values that sit either side of a row of cells.
C28: ✓ | D28: Your answer matches (within 0.5%).
C30: ✗ | D30: Not quite. Look again at the step above it.
C32: KEY IDEA | D32: The one thing to remember from a section. Coral boxes are mistakes to avoid, dark green boxes tell you what to type in Excel.
B35: 3 Working through a lesson
B37: 1 | C37: Read, then fill
C38: Each section explains one step: the equation, the discretisation, the mesh, then the solve. Read it, then answer the blanks under it before moving on.
B40: 2 | C40: Use formulas, not typed numbers
C41: Wherever you can, type a formula that clicks on the input cells. The checks accept typed numbers, but formulas mean you can change an input and watch the whole problem update. That is the real payoff.
B43: 3 | C43: Stuck?
C44: Open the Answers tab next to it. It has the same layout, so the answer is in the same cell. Click it to see the formula in the formula bar.
B46: 4 | C46: What next
C47: Finished Lesson 4? The full FVM Foundations pack continues with Lessons 5 to 10 (sources, two materials, 2D, any cell shape and convection) and 8 practice problems: cfdbyhand.gumroad.com/l/fvm-foundations
B49: 4 Useful Excel keys
C51: F2 | D51: Edit a cell and see which cells its formula uses, colour coded
C52: F4 | D52: While typing a reference, add $ signs so it stays fixed when you copy the formula
C53: Ctrl + ` | D53: Show every formula on the sheet instead of the values (press again to switch back)
C54: F9 | D54: Recalculate now. With Manual calculation and 1 iteration, each press is one sweep of the solver
C55: Ctrl + Z | D55: If a circular formula goes wrong and fills with huge numbers, undo, or clear the row and retype it
B57: 5 Suggested order
B59: Start with Lesson 0 and work in order: every lesson uses the one before it. When you finish Lesson 4, the full FVM Foundations pack carries on with sources, two materials, 2D, any cell shape and convection, plus 8 practice problems.
B62: CFD by Hand · Learn CFD one cell at a time · linktr.ee/cfdbyhand

Sheet Cheat Sheet
B2: FVM FOUNDATIONS · EVERYTHING ON ONE TAB
B3: Cheat Sheet
B5: The method
B7: Step | C7: What you write | D7: Also | E7: Watch out
B8: Mesh (1D) | C8: Δx = L/n, x_P = (i − ½)Δx | D8: n cells have n + 1 faces | E8: First centre is Δx/2 from the wall
B9: Mesh (2D) | C9: Cells N_x N_y | D9: Faces (N_x+1)N_y + N_x(N_y+1) | E9: Interior faces shared by 2 cells
B10: Integrate | C10: ∫ f dV ≈ f_P ΔV (dV = A dx, A = 1) | D10: Midpoint rule: exact for straight lines | E10: Error per cell ∝ Δx³
B11: Derivatives | C11: ∫ dJ/dx dx = J_e − J_w | D11: 2D/3D: Σ faces J·n A_f | E11: Interior fluxes cancel: conservative
B12: Face slope | C12: (dφ/dx)_e ≈ (φ_E − φ_P)/δx_PE | D12: Error ∝ δx² (second order) | E12: Boundary: (φ_P − φ_A)/(Δx/2)
B13: Face value | C13: φ_e ≈ (φ_P + φ_E)/2 | D13: Uneven: (1 − f)φ_P + f φ_E | E13: Upwind: take the upstream φ
B14: Cell equation | C14: a_P φ_P = Σ a_nb φ_nb + S_u | D14: a_P = Σ a_nb + ΔF − S_p | E14: Keep every a_nb ≥ 0 and S_p ≤ 0
B15: Excel | C15: φ_P = (Σ a_nb φ_nb + S_u)/a_P | D15: Drag across; iterative calculation on | E15: Or [A]{φ} = {b} with MINVERSE
B17: Coefficients and boundaries
B19: Case | C19: a_nb | D19: S_u and S_p | E19: Note
B20: 1D diffusion | C20: a_W = a_E = D = Γ/Δx | D20: none (interior) | E20: Profile is a straight line
B21: Fixed value | C21: a_nb = 0 on that side | D21: S_u = 2Dφ_A, S_p = −2D | E21: The 2 is the half cell
B22: Known flux q in | C22: a_nb = 0 | D22: S_u = +qA, S_p = 0 | E22: Flux out: −qA
B23: Zero gradient | C23: a_nb = 0 | D23: nothing | E23: Insulated, symmetry, outlet
B24: Mixed (Robin) | C24: a_nb = 0 | D24: S_u = h_cφ_∞, S_p = −h_c | E24: h_c = 1/(1/h + (Δx/2)/Γ)
B25: Source | C25: — | D25: S_u += S_C ΔV, S_p += S_P ΔV | E25: S = S_C + S_P φ, S_P ≤ 0
B26: Two materials | C26: D_f = 1/(δx_Pf/Γ_P + δx_fN/Γ_N) | D26: — | E26: Add resistances, never average Γ
B27: 2D rectangles | C27: a_E = ΓΔy/Δx, a_N = ΓΔx/Δy | D27: Wall: 2a_nb φ_wall, −2a_nb | E27: Face length / centre distance
B28: Any cell | C28: a_N = ΓA_f/d_PN (one per face) | D28: Boundary face: ΓA_f/d_Pb | E28: Orthogonal mesh assumed
B29: Central (convection) | C29: a_W = D + F/2, a_E = D − F/2 | D29: Inlet (2D + F)φ_A; outlet (2D − F)φ_B | E29: a_E < 0 when Pe = F/D > 2
B30: Upwind | C30: a_W = D + max(F, 0), a_E = D + max(−F, 0) | D30: Inlet (2D + F)φ_A; outlet 2Dφ_B | E30: Always bounded, first order
B33: CFD by Hand · Learn CFD one cell at a time · linktr.ee/cfdbyhand

Sheet L0 Learn
B2: LESSON 0 · THE ANATOMY OF A MESH (START HERE) · LEARN | L2: PROGRESS
B3: Meshes, cells, centres and faces | L3: =COUNTIF($N$5:$N$203,"✓")&" / 16" -> 0 / 16
B4: Work down the sheet. Fill each cream box; a ✓ appears when it is right. | L4: @CFDbyHand
B6: IN THIS LESSON | C6: By the end of this lesson you will be able to: ▸ say what a mesh, a cell, a cell centre and a face are ▸ work out Δx and every centre and face position of a 1D mesh ▸ count cells and faces in a 2D mesh ▸ read the notation (P, W, E, w, e, Γ, D, a_P ...) used in every lesson
B8: BEFORE YOU START | C8: Nothing. This pack starts from zero and is meant to come BEFORE the Heat Transfer and CFD packs. You need fractions, a little algebra, a pen and paper. About 10 to 20 minutes (a rough guide).
B10: How to use this sheet: read each box from top to bottom like the page of a book. Cream boxes are for you to fill. Type a number, or better a formula that clicks on the blue input cells. A green tick means you are right (within 0.5%), a red cross means look again at the step just above. Stuck? The Answers tab has the same layout, so the answer sits in the same cell there.
B12: 1 | C12: Why split things into cells?
B14: The finite volume method (FVM) is the method inside almost every engineering simulation program that deals with heat, flow or anything that spreads and gets carried around. Its idea fits in one sentence: split the region into small boxes, and make sure that for every box, what goes in equals what comes out (plus anything made inside).
B15: PICTURE IT | C15: Imagine counting people in a building. You cannot follow every person, but you can stand at every door and count who walks through. If you know what crosses every door of every room, you know how the number of people in each room changes. Rooms = cells. Doors = faces. Counting at the doors = fluxes through faces.
B17: New word | E17: What it means
B18: Mesh (grid) | E18: The collection of all the cells covering the region.
B19: Cell / control volume | E19: One small box of the mesh. The two names mean the same thing.
B20: Cell centre (node) | E20: The point in the middle of a cell where its value is stored.
B21: Face | E21: A boundary between two cells, or between a cell and the outside.
B22: φ (phi) | E22: Whatever we are solving for: temperature, concentration, ... one value per cell.
B36: HOW TO READ THIS DIAGRAM | C36: Read it left to right. On the left is the real problem: φ changes smoothly along the bar, so it has a value at every one of infinitely many points. In the middle we chop the bar into 5 cells and keep just ONE value per cell. On the right, each cell gives one balance equation linking it to its neighbours. Five cells, five unknowns, five equations: a computer (or you) can solve that. Everything in this pack is the detail of these three boxes.
B38: A physical law such as "what flows in must flow out" has to hold at every single point of a region. There are infinitely many points, so a computer cannot check them all. The finite volume method does something simpler: it chops the region into a finite number of small boxes called cells (or control volumes), and insists that the law holds for each box as a whole. A few boxes give a rough answer; many small boxes give a good one.
B39: PICTURE IT | C39: Think of a spreadsheet. Each cell of the sheet holds one number. A finite volume mesh is the same idea: each cell of the mesh stores ONE value of the quantity we care about (a temperature, a concentration, anything). We call that quantity φ (phi) so the method works for all of them.
B41: A finite volume mesh stores the unknown φ ______. | N41: =IF(K41="","",IF(TRIM(K41)='L0 Answers'!K41,"✓","✗"))
B57: HOW TO READ THIS DIAGRAM | C57: A cell of the mesh and a cell of a spreadsheet are the same idea. Cell P has four neighbours W, E, N and S; spreadsheet cell C5 has four neighbours B5, D5, C4 and C6. When P’s value is worked out only from its neighbours, the Excel formula in C5 only reads the cells around it. That is why Excel is such a natural tool for the finite volume method.
B60: 2 | C60: A 1D mesh
B62: In 1D (a thin rod, a duct) cells are short pieces of a line. Number them 1, 2, 3 ... from left to right. With n equal cells on a length L each is Δx = L/n wide. Cell i runs from (i − 1)Δx to iΔx and its centre is half way, at (i − ½)Δx.
B63: WORKED EXAMPLE | C63: L = 1, n = 5 → Δx = 0.2. Faces at 0, 0.2, 0.4, 0.6, 0.8, 1.0 (six of them). Centres at 0.1, 0.3, 0.5, 0.7, 0.9 (five of them). Cell 3 runs from 0.4 to 0.6, centre 0.5.
B65: PAUSE AND THINK | C65: Why store values at centres and not at faces? Because the centre is the best single point to represent a whole cell: the value there is (very nearly) the average over the cell. Faces are where things are exchanged.
B81: In 1D a cell is a short piece of a line. Its two ends are its faces and its middle is its centre (or node). Neighbouring cells share a face. The first and last faces sit on the boundary of the domain. With n equal cells on a length L:
B87: Given | F87: Symbol | G87: Value | I87: Unit
B88: Domain length | F88: L | G88: 1
B89: Number of cells | F89: n | G89: 5
B90: Cell width Δx | N90: =IF(K90="","",IF(ISNUMBER(K90),IF(ABS(K90-'L0 Answers'!K90)<=MAX(0.005*ABS('L0 Answers'!K90),0.001),"✓","✗"),"✗"))
B91: Hint: L/n = 1/5.
B93: Number of faces (including the two boundary faces) | N93: =IF(K93="","",IF(ISNUMBER(K93),IF(ABS(K93-'L0 Answers'!K93)<=MAX(0.005*ABS('L0 Answers'!K93),0.001),"✓","✗"),"✗"))
B94: Hint: One more face than cells.
B96: x of the centre of cell 3 | N96: =IF(K96="","",IF(ISNUMBER(K96),IF(ABS(K96-'L0 Answers'!K96)<=MAX(0.005*ABS('L0 Answers'!K96),0.001),"✓","✗"),"✗"))
B97: Hint: Cell 3 runs from 2Δx to 3Δx; take the middle.
B99: x of the face between cells 2 and 3 | N99: =IF(K99="","",IF(ISNUMBER(K99),IF(ABS(K99-'L0 Answers'!K99)<=MAX(0.005*ABS('L0 Answers'!K99),0.001),"✓","✗"),"✗"))
B100: Hint: Two cells to its left, each Δx wide.
B102: Distance from the centre of cell 1 to the left boundary | N102: =IF(K102="","",IF(ISNUMBER(K102),IF(ABS(K102-'L0 Answers'!K102)<=MAX(0.005*ABS('L0 Answers'!K102),0.001),"✓","✗"),"✗"))
B103: Hint: Half a cell.
B105: Distance between the centres of two neighbouring cells | N105: =IF(K105="","",IF(ISNUMBER(K105),IF(ABS(K105-'L0 Answers'!K105)<=MAX(0.005*ABS('L0 Answers'!K105),0.001),"✓","✗"),"✗"))
B107: Now fill a table of the whole mesh. One column per cell. Use formulas with your Δx cell so it updates if you change n.
B108: Cell | E108: 1 | F108: 2 | G108: 3 | H108: 4 | I108: 5
B109: centre x_P | N109: =IF(COUNT(E109:I109)<5,"",IF(SUMPRODUCT(--(ABS(E109:I109-'L0 Answers'!E109:I109)<=0.005*ABS('L0 Answers'!E109:I109)+0.001))=5,"✓","✗"))
B110: west face x_w | N110: =IF(COUNT(E110:I110)<5,"",IF(SUMPRODUCT(--(ABS(E110:I110-'L0 Answers'!E110:I110)<=0.005*ABS('L0 Answers'!E110:I110)+0.001))=5,"✓","✗"))
B111: east face x_e | N111: =IF(COUNT(E111:I111)<5,"",IF(SUMPRODUCT(--(ABS(E111:I111-'L0 Answers'!E111:I111)<=0.005*ABS('L0 Answers'!E111:I111)+0.001))=5,"✓","✗"))
B112: width x_e − x_w | N112: =IF(COUNT(E112:I112)<5,"",IF(SUMPRODUCT(--(ABS(E112:I112-'L0 Answers'!E112:I112)<=0.005*ABS('L0 Answers'!E112:I112)+0.001))=5,"✓","✗"))
B114: COMMON MISTAKE | C114: Putting the first centre at x = 0. The centre of cell 1 is HALF a cell in from the boundary. That half cell will matter a lot when we reach boundary cells in Lesson 4.
B127: HOW TO READ THIS DIAGRAM | C127: There are two ways to put an equation on a computer. Finite differences (left) keep values at points and replace slopes by differences. Finite volumes (right) keep one value in each CELL and keep track of what flows across each FACE. The arrow leaving one cell is the same arrow entering the next, so nothing can be lost between cells.
B129: PEN AND PAPER | C129: Draw a line 10 cm long in your notebook and split it into 5 cells. Mark faces with short vertical ticks and centres with dots. Write the x of every tick and dot. Keep this drawing: Lessons 1 to 6 all use it.
B132: 3 | C132: A 2D mesh
B134: In 2D cells are usually rectangles (Lesson 8 shows any shape works). Each rectangle has four faces named by compass directions: west (left), east (right), south (bottom) and north (top). Each face has an outward normal: an arrow perpendicular to it, pointing out of the cell.
B135: WORKED EXAMPLE | C135: A 4 × 3 mesh has 12 cells. Vertical faces: 5 columns of lines × 3 rows = 15. Horizontal faces: 4 columns × 4 lines = 16. Boundary faces: 4 top + 4 bottom + 3 left + 3 right = 14.
B153: In 2D a cell is a small rectangle (or any polygon, Lesson 8). It has four faces: west, east, south and north. Each face has a length and points outwards with a normal vector. In 3D cells are boxes and faces are areas; the ideas do not change.
B154: A 4 × 3 mesh | F154: Symbol | G154: Value | I154: Unit
B155: Cells across | F155: N_x | G155: 4
B156: Cells up | F156: N_y | G156: 3
B157: Number of cells | N157: =IF(K157="","",IF(ISNUMBER(K157),IF(ABS(K157-'L0 Answers'!K157)<=MAX(0.005*ABS('L0 Answers'!K157),0.001),"✓","✗"),"✗"))
B159: Number of vertical faces (west/east faces) | N159: =IF(K159="","",IF(ISNUMBER(K159),IF(ABS(K159-'L0 Answers'!K159)<=MAX(0.005*ABS('L0 Answers'!K159),0.001),"✓","✗"),"✗"))
B160: Hint: N_x + 1 vertical lines in each of N_y rows.
B162: Number of horizontal faces (south/north faces) | N162: =IF(K162="","",IF(ISNUMBER(K162),IF(ABS(K162-'L0 Answers'!K162)<=MAX(0.005*ABS('L0 Answers'!K162),0.001),"✓","✗"),"✗"))
B163: Hint: N_y + 1 horizontal lines in each of N_x columns.
B165: Number of boundary faces | N165: =IF(K165="","",IF(ISNUMBER(K165),IF(ABS(K165-'L0 Answers'!K165)<=MAX(0.005*ABS('L0 Answers'!K165),0.001),"✓","✗"),"✗"))
B166: Hint: Count around the outside: top, bottom, left, right.
B168: An interior face belongs to ______ cells. | N168: =IF(K168="","",IF(TRIM(K168)='L0 Answers'!K168,"✓","✗"))
B170: WHY? | C170: Why count faces? Because the method does all its work on faces: every face carries one flux. A computer program loops over faces, works out each flux once, and adds it to one cell and subtracts it from the other.
B173: 4 | C173: The notation used in every lesson
B175: Every lesson uses the same short names. Learn the rule: CAPITAL letters are centres (P, W, E, N, S), small letters are faces (w, e, n, s). P is always "the cell we are looking at"; the others are named by where they sit relative to P.
B176: Symbol | D176: Meaning
B177: P | D177: The cell we are writing an equation for (its centre).
B178: W, E, S, N | D178: Neighbouring cell centres: west, east, south, north. Capital letters = centres.
B179: w, e, s, n | D179: The faces of cell P. Small letters = faces.
B180: φ | D180: The quantity being solved for. One value per cell, φ_P, φ_W, ...
B181: Δx, Δy, ΔV | D181: Cell width, height and volume (in 1D, ΔV = A Δx; we usually take A = 1).
B182: δx_PE | D182: Distance between the centres of P and E.
B183: Γ | D183: Diffusion coefficient: how easily φ spreads (conductivity, diffusivity ...).
B184: D = ΓA/δx | D184: Diffusion conductance of a face.
B185: F = ρuA | D185: Convective flux of a face (Lessons 9 and 10).
B186: a_P, a_nb, S_u, S_p | D186: Coefficients of the cell equation a_P φ_P = Σ a_nb φ_nb + S_u, with a_P = Σ a_nb − S_p.
B188: BY HAND | C188: Sketch a 1D mesh of 4 cells on L = 2 and label every centre and face position.
B189: ✎ Write it out on paper first. Then type your equation into the white box below (it is not marked; compare it with the Answers tab).
B192: TAKE AWAY | C192: A mesh = cells. Values live at cell centres, flows cross faces. n cells in 1D have n + 1 faces; the first centre is Δx/2 from the boundary. Everything is named relative to the cell P.
B194: RECAP | C194: ▸ A mesh splits the region into cells; one value of φ is stored at each cell centre. ▸ Faces separate cells. n cells in 1D have n + 1 faces. ▸ Δx = L/n, centre of cell i at (i − ½)Δx: the first centre is half a cell from the boundary. ▸ P = this cell, W/E/S/N = neighbours, w/e/s/n = its faces.
B196: NEXT UP | C196: Lesson 1: what it actually means to integrate an equation over a cell, and why only the faces survive.
B200: CFD by Hand · Learn CFD one cell at a time · linktr.ee/cfdbyhand

Sheet L0 Answers
B2: LESSON 0 · THE ANATOMY OF A MESH (START HERE) · ANSWERS | L2: PROGRESS
B3: Meshes, cells, centres and faces | L3: =COUNTIF($N$5:$N$203,"✓")&" / 16" -> 16 / 16
B4: Every blank is already filled in on this sheet, with the formula that produces it. Use it to check your Learn sheet. | L4: @CFDbyHand
B6: IN THIS LESSON | C6: By the end of this lesson you will be able to: ▸ say what a mesh, a cell, a cell centre and a face are ▸ work out Δx and every centre and face position of a 1D mesh ▸ count cells and faces in a 2D mesh ▸ read the notation (P, W, E, w, e, Γ, D, a_P ...) used in every lesson
B8: BEFORE YOU START | C8: Nothing. This pack starts from zero and is meant to come BEFORE the Heat Transfer and CFD packs. You need fractions, a little algebra, a pen and paper. About 10 to 20 minutes (a rough guide).
B10: How to use this sheet: read each box from top to bottom like the page of a book. Cream boxes are for you to fill. Type a number, or better a formula that clicks on the blue input cells. A green tick means you are right (within 0.5%), a red cross means look again at the step just above. Stuck? The Answers tab has the same layout, so the answer sits in the same cell there.
B12: 1 | C12: Why split things into cells?
B14: The finite volume method (FVM) is the method inside almost every engineering simulation program that deals with heat, flow or anything that spreads and gets carried around. Its idea fits in one sentence: split the region into small boxes, and make sure that for every box, what goes in equals what comes out (plus anything made inside).
B15: PICTURE IT | C15: Imagine counting people in a building. You cannot follow every person, but you can stand at every door and count who walks through. If you know what crosses every door of every room, you know how the number of people in each room changes. Rooms = cells. Doors = faces. Counting at the doors = fluxes through faces.
B17: New word | E17: What it means
B18: Mesh (grid) | E18: The collection of all the cells covering the region.
B19: Cell / control volume | E19: One small box of the mesh. The two names mean the same thing.
B20: Cell centre (node) | E20: The point in the middle of a cell where its value is stored.
B21: Face | E21: A boundary between two cells, or between a cell and the outside.
B22: φ (phi) | E22: Whatever we are solving for: temperature, concentration, ... one value per cell.
B36: HOW TO READ THIS DIAGRAM | C36: Read it left to right. On the left is the real problem: φ changes smoothly along the bar, so it has a value at every one of infinitely many points. In the middle we chop the bar into 5 cells and keep just ONE value per cell. On the right, each cell gives one balance equation linking it to its neighbours. Five cells, five unknowns, five equations: a computer (or you) can solve that. Everything in this pack is the detail of these three boxes.
B38: A physical law such as "what flows in must flow out" has to hold at every single point of a region. There are infinitely many points, so a computer cannot check them all. The finite volume method does something simpler: it chops the region into a finite number of small boxes called cells (or control volumes), and insists that the law holds for each box as a whole. A few boxes give a rough answer; many small boxes give a good one.
B39: PICTURE IT | C39: Think of a spreadsheet. Each cell of the sheet holds one number. A finite volume mesh is the same idea: each cell of the mesh stores ONE value of the quantity we care about (a temperature, a concentration, anything). We call that quantity φ (phi) so the method works for all of them.
B41: A finite volume mesh stores the unknown φ ______. | K41: once per cell, at its centre | N41: =IF(K41="","",IF(TRIM(K41)='L0 Answers'!K41,"✓","✗")) -> ✓
B57: HOW TO READ THIS DIAGRAM | C57: A cell of the mesh and a cell of a spreadsheet are the same idea. Cell P has four neighbours W, E, N and S; spreadsheet cell C5 has four neighbours B5, D5, C4 and C6. When P’s value is worked out only from its neighbours, the Excel formula in C5 only reads the cells around it. That is why Excel is such a natural tool for the finite volume method.
B60: 2 | C60: A 1D mesh
B62: In 1D (a thin rod, a duct) cells are short pieces of a line. Number them 1, 2, 3 ... from left to right. With n equal cells on a length L each is Δx = L/n wide. Cell i runs from (i − 1)Δx to iΔx and its centre is half way, at (i − ½)Δx.
B63: WORKED EXAMPLE | C63: L = 1, n = 5 → Δx = 0.2. Faces at 0, 0.2, 0.4, 0.6, 0.8, 1.0 (six of them). Centres at 0.1, 0.3, 0.5, 0.7, 0.9 (five of them). Cell 3 runs from 0.4 to 0.6, centre 0.5.
B65: PAUSE AND THINK | C65: Why store values at centres and not at faces? Because the centre is the best single point to represent a whole cell: the value there is (very nearly) the average over the cell. Faces are where things are exchanged.
B81: In 1D a cell is a short piece of a line. Its two ends are its faces and its middle is its centre (or node). Neighbouring cells share a face. The first and last faces sit on the boundary of the domain. With n equal cells on a length L:
B87: Given | F87: Symbol | G87: Value | I87: Unit
B88: Domain length | F88: L | G88: 1
B89: Number of cells | F89: n | G89: 5
B90: Cell width Δx | K90: =$G$88/$G$89 -> 0.2 | N90: =IF(K90="","",IF(ISNUMBER(K90),IF(ABS(K90-'L0 Answers'!K90)<=MAX(0.005*ABS('L0 Answers'!K90),0.001),"✓","✗"),"✗")) -> ✓
B91: Hint: L/n = 1/5.
B93: Number of faces (including the two boundary faces) | K93: =$G$89+1 -> 6 | N93: =IF(K93="","",IF(ISNUMBER(K93),IF(ABS(K93-'L0 Answers'!K93)<=MAX(0.005*ABS('L0 Answers'!K93),0.001),"✓","✗"),"✗")) -> ✓
B94: Hint: One more face than cells.
B96: x of the centre of cell 3 | K96: =2.5*$K$90 -> 0.5 | N96: =IF(K96="","",IF(ISNUMBER(K96),IF(ABS(K96-'L0 Answers'!K96)<=MAX(0.005*ABS('L0 Answers'!K96),0.001),"✓","✗"),"✗")) -> ✓
B97: Hint: Cell 3 runs from 2Δx to 3Δx; take the middle.
B99: x of the face between cells 2 and 3 | K99: =2*$K$90 -> 0.4 | N99: =IF(K99="","",IF(ISNUMBER(K99),IF(ABS(K99-'L0 Answers'!K99)<=MAX(0.005*ABS('L0 Answers'!K99),0.001),"✓","✗"),"✗")) -> ✓
B100: Hint: Two cells to its left, each Δx wide.
B102: Distance from the centre of cell 1 to the left boundary | K102: =$K$90/2 -> 0.1 | N102: =IF(K102="","",IF(ISNUMBER(K102),IF(ABS(K102-'L0 Answers'!K102)<=MAX(0.005*ABS('L0 Answers'!K102),0.001),"✓","✗"),"✗")) -> ✓
B103: Hint: Half a cell.
B105: Distance between the centres of two neighbouring cells | K105: =$K$90 -> 0.2 | N105: =IF(K105="","",IF(ISNUMBER(K105),IF(ABS(K105-'L0 Answers'!K105)<=MAX(0.005*ABS('L0 Answers'!K105),0.001),"✓","✗"),"✗")) -> ✓
B107: Now fill a table of the whole mesh. One column per cell. Use formulas with your Δx cell so it updates if you change n.
B108: Cell | E108: 1 | F108: 2 | G108: 3 | H108: 4 | I108: 5
B109: centre x_P | E109: =(0+0.5)*$K$90 -> 0.1 | F109: =(1+0.5)*$K$90 -> 0.3 | G109: =(2+0.5)*$K$90 -> 0.5 | H109: =(3+0.5)*$K$90 -> 0.7 | I109: =(4+0.5)*$K$90 -> 0.9 | N109: =IF(COUNT(E109:I109)<5,"",IF(SUMPRODUCT(--(ABS(E109:I109-'L0 Answers'!E109:I109)<=0.005*ABS('L0 Answers'!E109:I109)+0.001))=5,"✓","✗")) -> ✓
B110: west face x_w | E110: =0*$K$90 -> 0 | F110: =1*$K$90 -> 0.2 | G110: =2*$K$90 -> 0.4 | H110: =3*$K$90 -> 0.6 | I110: =4*$K$90 -> 0.8 | N110: =IF(COUNT(E110:I110)<5,"",IF(SUMPRODUCT(--(ABS(E110:I110-'L0 Answers'!E110:I110)<=0.005*ABS('L0 Answers'!E110:I110)+0.001))=5,"✓","✗")) -> ✓
B111: east face x_e | E111: =(0+1)*$K$90 -> 0.2 | F111: =(1+1)*$K$90 -> 0.4 | G111: =(2+1)*$K$90 -> 0.6 | H111: =(3+1)*$K$90 -> 0.8 | I111: =(4+1)*$K$90 -> 1 | N111: =IF(COUNT(E111:I111)<5,"",IF(SUMPRODUCT(--(ABS(E111:I111-'L0 Answers'!E111:I111)<=0.005*ABS('L0 Answers'!E111:I111)+0.001))=5,"✓","✗")) -> ✓
B112: width x_e − x_w | E112: =E111-E110 -> 0.2 | F112: =F111-F110 -> 0.2 | G112: =G111-G110 -> 0.2 | H112: =H111-H110 -> 0.2 | I112: =I111-I110 -> 0.2 | N112: =IF(COUNT(E112:I112)<5,"",IF(SUMPRODUCT(--(ABS(E112:I112-'L0 Answers'!E112:I112)<=0.005*ABS('L0 Answers'!E112:I112)+0.001))=5,"✓","✗")) -> ✓
B114: COMMON MISTAKE | C114: Putting the first centre at x = 0. The centre of cell 1 is HALF a cell in from the boundary. That half cell will matter a lot when we reach boundary cells in Lesson 4.
B127: HOW TO READ THIS DIAGRAM | C127: There are two ways to put an equation on a computer. Finite differences (left) keep values at points and replace slopes by differences. Finite volumes (right) keep one value in each CELL and keep track of what flows across each FACE. The arrow leaving one cell is the same arrow entering the next, so nothing can be lost between cells.
B129: PEN AND PAPER | C129: Draw a line 10 cm long in your notebook and split it into 5 cells. Mark faces with short vertical ticks and centres with dots. Write the x of every tick and dot. Keep this drawing: Lessons 1 to 6 all use it.
B132: 3 | C132: A 2D mesh
B134: In 2D cells are usually rectangles (Lesson 8 shows any shape works). Each rectangle has four faces named by compass directions: west (left), east (right), south (bottom) and north (top). Each face has an outward normal: an arrow perpendicular to it, pointing out of the cell.
B135: WORKED EXAMPLE | C135: A 4 × 3 mesh has 12 cells. Vertical faces: 5 columns of lines × 3 rows = 15. Horizontal faces: 4 columns × 4 lines = 16. Boundary faces: 4 top + 4 bottom + 3 left + 3 right = 14.
B153: In 2D a cell is a small rectangle (or any polygon, Lesson 8). It has four faces: west, east, south and north. Each face has a length and points outwards with a normal vector. In 3D cells are boxes and faces are areas; the ideas do not change.
B154: A 4 × 3 mesh | F154: Symbol | G154: Value | I154: Unit
B155: Cells across | F155: N_x | G155: 4
B156: Cells up | F156: N_y | G156: 3
B157: Number of cells | K157: =$G$155*$G$156 -> 12 | N157: =IF(K157="","",IF(ISNUMBER(K157),IF(ABS(K157-'L0 Answers'!K157)<=MAX(0.005*ABS('L0 Answers'!K157),0.001),"✓","✗"),"✗")) -> ✓
B159: Number of vertical faces (west/east faces) | K159: =($G$155+1)*$G$156 -> 15 | N159: =IF(K159="","",IF(ISNUMBER(K159),IF(ABS(K159-'L0 Answers'!K159)<=MAX(0.005*ABS('L0 Answers'!K159),0.001),"✓","✗"),"✗")) -> ✓
B160: Hint: N_x + 1 vertical lines in each of N_y rows.
B162: Number of horizontal faces (south/north faces) | K162: =$G$155*($G$156+1) -> 16 | N162: =IF(K162="","",IF(ISNUMBER(K162),IF(ABS(K162-'L0 Answers'!K162)<=MAX(0.005*ABS('L0 Answers'!K162),0.001),"✓","✗"),"✗")) -> ✓
B163: Hint: N_y + 1 horizontal lines in each of N_x columns.
B165: Number of boundary faces | K165: =2*$G$155+2*$G$156 -> 14 | N165: =IF(K165="","",IF(ISNUMBER(K165),IF(ABS(K165-'L0 Answers'!K165)<=MAX(0.005*ABS('L0 Answers'!K165),0.001),"✓","✗"),"✗")) -> ✓
B166: Hint: Count around the outside: top, bottom, left, right.
B168: An interior face belongs to ______ cells. | K168: two | N168: =IF(K168="","",IF(TRIM(K168)='L0 Answers'!K168,"✓","✗")) -> ✓
B170: WHY? | C170: Why count faces? Because the method does all its work on faces: every face carries one flux. A computer program loops over faces, works out each flux once, and adds it to one cell and subtracts it from the other.
B173: 4 | C173: The notation used in every lesson
B175: Every lesson uses the same short names. Learn the rule: CAPITAL letters are centres (P, W, E, N, S), small letters are faces (w, e, n, s). P is always "the cell we are looking at"; the others are named by where they sit relative to P.
B176: Symbol | D176: Meaning
B177: P | D177: The cell we are writing an equation for (its centre).
B178: W, E, S, N | D178: Neighbouring cell centres: west, east, south, north. Capital letters = centres.
B179: w, e, s, n | D179: The faces of cell P. Small letters = faces.
B180: φ | D180: The quantity being solved for. One value per cell, φ_P, φ_W, ...
B181: Δx, Δy, ΔV | D181: Cell width, height and volume (in 1D, ΔV = A Δx; we usually take A = 1).
B182: δx_PE | D182: Distance between the centres of P and E.
B183: Γ | D183: Diffusion coefficient: how easily φ spreads (conductivity, diffusivity ...).
B184: D = ΓA/δx | D184: Diffusion conductance of a face.
B185: F = ρuA | D185: Convective flux of a face (Lessons 9 and 10).
B186: a_P, a_nb, S_u, S_p | D186: Coefficients of the cell equation a_P φ_P = Σ a_nb φ_nb + S_u, with a_P = Σ a_nb − S_p.
B188: BY HAND | C188: Sketch a 1D mesh of 4 cells on L = 2 and label every centre and face position.
B189: Model answer:
B190: Δx = 0.5. Faces at 0, 0.5, 1.0, 1.5, 2.0. Centres at 0.25, 0.75, 1.25, 1.75.
B192: TAKE AWAY | C192: A mesh = cells. Values live at cell centres, flows cross faces. n cells in 1D have n + 1 faces; the first centre is Δx/2 from the boundary. Everything is named relative to the cell P.
B194: RECAP | C194: ▸ A mesh splits the region into cells; one value of φ is stored at each cell centre. ▸ Faces separate cells. n cells in 1D have n + 1 faces. ▸ Δx = L/n, centre of cell i at (i − ½)Δx: the first centre is half a cell from the boundary. ▸ P = this cell, W/E/S/N = neighbours, w/e/s/n = its faces.
B196: NEXT UP | C196: Lesson 1: what it actually means to integrate an equation over a cell, and why only the faces survive.
B200: CFD by Hand · Learn CFD one cell at a time · linktr.ee/cfdbyhand

Sheet L1 Learn
B2: LESSON 1 · INTEGRATING OVER A CONTROL VOLUME · LEARN | L2: PROGRESS
B3: What an integral over a cell means | L3: =COUNTIF($N$5:$N$201,"✓")&" / 14" -> 0 / 14
B4: Work down the sheet. Fill each cream box; a ✓ appears when it is right. | L4: @CFDbyHand
B6: IN THIS LESSON | C6: By the end of this lesson you will be able to: ▸ explain in words what ∫ f dV over a cell means ▸ see why dV = dx in 1D (for a slice of unit area) ▸ use the midpoint rule f_P ΔV and know when it is exact ▸ turn the integral of a derivative into "flux out − flux in" through the faces
B8: BEFORE YOU START | C8: Lesson 0. You do not need to be good at calculus: the only rule used is that integrating a slope gives back the change. About 10 to 20 minutes (a rough guide).
B10: How to use this sheet: read each box from top to bottom like the page of a book. Cream boxes are for you to fill. Type a number, or better a formula that clicks on the blue input cells. A green tick means you are right (within 0.5%), a red cross means look again at the step just above. Stuck? The Answers tab has the same layout, so the answer sits in the same cell there.
B12: 1 | C12: An integral is a sum of tiny pieces
B14: Every finite volume derivation starts with the words "integrate over the control volume". It sounds frightening but it is just adding up. Picture the cell full of tiny pieces. Each piece has a volume dV and some value of f. Multiply and add over every piece: that sum is ∫ f dV.
B15: PICTURE IT | C15: If f is "kg of salt per m³", then f dV is the kg of salt in one tiny piece, and ∫ f dV over the cell is the total salt in the cell. An integral over a cell is always "the total amount of something in the cell".
B17: Why dV = dx in 1D
B18: A 1D problem is really a bar or duct with a cross-section area A. A thin slice of thickness dx has volume A dx. Most problems take a slice of unit area (A = 1, "per square metre"), so dV = dx and the cell volume is simply ΔV = Δx. In 2D with unit depth, dV = dx dy and ΔV = Δx Δy.
B33: HOW TO READ THIS DIAGRAM | C33: Think of the 1D problem as a long bar with cross section A. A thin slice of thickness dx has volume A·dx. If we work "per square metre of cross section" (A = 1), the volume of the slice is just dx. That is all "dV = dx" means. The arrows show what the balance of the slice will be about: something flows in through the left face and out through the right face.
B35: ∫ f dV means: cut the cell into tiny pieces of volume dV, multiply each piece by the value of f there, and add them all up. In 1D the "volume" of a slice of a bar is its area times its length, dV = A dx. With A = 1 (a slice of unit area) that is simply dV = dx, so an integral over a 1D cell is an ordinary integral from its west face to its east face.
B42: IN PLAIN WORDS | C42: The finite volume method keeps one value per cell, so it approximates the integral by "value at the centre × cell volume". This is the midpoint rule. It is exact when f is a straight line and very close otherwise.
B56: IN PLAIN WORDS | C56: The midpoint rule replaces "add up every tiny piece" with "the value in the middle × the size of the cell". It is the natural choice because the FVM stores exactly one value per cell, at its centre.
B59: 2 | C59: Try it: a straight line source
B61: Test the midpoint rule on f = 2 + 3x. Over a straight line the bits above the centre value exactly cancel the bits below it, so "centre value × width" is exact.
B62: WORKED EXAMPLE | C62: Cell 1: x_P = 0.1, Δx = 0.2. Midpoint: f(0.1) × 0.2 = 2.3 × 0.2 = 0.46. Exact: ∫ from 0 to 0.2 of (2 + 3x) dx = 2(0.2) + 1.5(0.2²) = 0.4 + 0.06 = 0.46. Same!
B64: Mesh (5 cells on 0 to 1) | F64: Symbol | G64: Value | I64: Unit
B65: Cell width | F65: Δx | G65: 0.2
B66: Cell | E66: 1 | F66: 2 | G66: 3 | H66: 4 | I66: 5
B67: x_P | E67: 0.1 | F67: 0.3 | G67: 0.5 | H67: 0.7 | I67: 0.9
B68: f(x_P) = 2 + 3x_P | N68: =IF(COUNT(E68:I68)<5,"",IF(SUMPRODUCT(--(ABS(E68:I68-'L1 Answers'!E68:I68)<=0.005*ABS('L1 Answers'!E68:I68)+0.001))=5,"✓","✗"))
B69: midpoint f(x_P)Δx | N69: =IF(COUNT(E69:I69)<5,"",IF(SUMPRODUCT(--(ABS(E69:I69-'L1 Answers'!E69:I69)<=0.005*ABS('L1 Answers'!E69:I69)+0.001))=5,"✓","✗"))
B70: exact 2Δx + 1.5(x_e² − x_w²) | N70: =IF(COUNT(E70:I70)<5,"",IF(SUMPRODUCT(--(ABS(E70:I70-'L1 Answers'!E70:I70)<=0.005*ABS('L1 Answers'!E70:I70)+0.001))=5,"✓","✗"))
B72: For a straight line the midpoint rule is ______. | N72: =IF(K72="","",IF(TRIM(K72)='L1 Answers'!K72,"✓","✗"))
B86: HOW TO READ THIS DIAGRAM | C86: The dashed box is the midpoint rule: centre value × width. Left: for a straight line the bit of curve above the box (red) and the bit below it (blue) are identical triangles, so they cancel and the box is exact. Right: for a curve that bends upwards the red region is bigger than the blue one, so the box slightly underestimates. That small sliver is the error, and it shrinks very fast (like Δx³) as cells get smaller.
B89: 3 | C89: A curved source
B91: Now a curve, f = x². The curve bends upwards, so the centre value is a little below the average and the midpoint rule underestimates slightly. The error per cell is f″Δx³/24, which for x² (f″ = 2) is Δx³/12.
B92: PAUSE AND THINK | C92: Error per cell ∝ Δx³, and there are 1/Δx cells, so the total error ∝ Δx². Halve the cells, quarter the total error. You will see "error ∝ Δx²" again and again: it is called second order accuracy.
B94: Cell | E94: 1 | F94: 2 | G94: 3 | H94: 4 | I94: 5
B95: midpoint x_P² Δx | N95: =IF(COUNT(E95:I95)<5,"",IF(SUMPRODUCT(--(ABS(E95:I95-'L1 Answers'!E95:I95)<=0.005*ABS('L1 Answers'!E95:I95)+0.001))=5,"✓","✗"))
B96: exact (x_e³ − x_w³)/3 | N96: =IF(COUNT(E96:I96)<5,"",IF(SUMPRODUCT(--(ABS(E96:I96-'L1 Answers'!E96:I96)<=0.005*ABS('L1 Answers'!E96:I96)+0.001))=5,"✓","✗"))
B97: error exact − midpoint | N97: =IF(COUNT(E97:I97)<5,"",IF(SUMPRODUCT(--(ABS(E97:I97-'L1 Answers'!E97:I97)<=0.005*ABS('L1 Answers'!E97:I97)+0.001))=5,"✓","✗"))
B99: The error is the same in every cell. It equals Δx³/12: | N99: =IF(K99="","",IF(ISNUMBER(K99),IF(ABS(K99-'L1 Answers'!K99)<=MAX(0.005*ABS('L1 Answers'!K99),0.001),"✓","✗"),"✗"))
B100: Hint: Δx = 0.2, so Δx³/12 = 0.008/12.
B102: Halving Δx would make the error in each cell ______. | N102: =IF(K102="","",IF(TRIM(K102)='L1 Answers'!K102,"✓","✗"))
B103: Hint: The error goes like Δx³: (½)³.
B106: 4 | C106: Integrating a derivative: only the faces survive
B108: This is the most important idea in the whole pack. Equations of physics are written with derivatives: dJ/dx, the rate at which a flux J changes along x. When you integrate a derivative over a cell, the calculus cancels the derivative:
B109: WORKED EXAMPLE | C109: ∫ from x_w to x_e of (dJ/dx) dx = J(x_e) − J(x_w) = J_e − J_w. Cell 3 with J = 4x²: J_e = 4(0.6)² = 1.44, J_w = 4(0.4)² = 0.64, net = 0.80.
B111: WHY? | C111: Physically: J_e is what leaves through the right door, J_w is what enters through the left door. Their difference is what the cell loses. The derivative inside the cell does not matter any more, only the two face values do. So the unknowns of the problem become "what crosses each face".
B124: HOW TO READ THIS DIAGRAM | C124: This is the most important picture in the pack. Whatever happens INSIDE the cell (the derivative dJ/dx) disappears when you integrate. What is left is only what crosses the two faces: J_e leaving on the right minus J_w entering on the left. So the finite volume method never needs to know what goes on inside a cell, only at its faces.
B126: The key trick of the whole method. If the thing inside the integral is a derivative, integrating it just gives its value at the two ends (the fundamental theorem of calculus):
B133: IN PLAIN WORDS | C133: J is a flux: an amount of φ crossing a face per second per unit area. "What comes out of the east face minus what comes in at the west face" is exactly the net amount leaving the cell. That is why every finite volume equation is a balance: in = out. The 2D/3D version (the divergence theorem) says the same with one term per face.
B135: A known flux J = 4x² | F135: Symbol | G135: Value | I135: Unit
B136: Flux | F136: J(x) | G136: 4x²
B137: J at the east face of cell 3 (x = 0.6) | N137: =IF(K137="","",IF(ISNUMBER(K137),IF(ABS(K137-'L1 Answers'!K137)<=MAX(0.005*ABS('L1 Answers'!K137),0.001),"✓","✗"),"✗"))
B138: Hint: Cell 3 runs from 0.4 to 0.6.
B140: J at the west face of cell 3 (x = 0.4) | N140: =IF(K140="","",IF(ISNUMBER(K140),IF(ABS(K140-'L1 Answers'!K140)<=MAX(0.005*ABS('L1 Answers'!K140),0.001),"✓","✗"),"✗"))
B141: Hint: 4 × 0.4².
B143: Net flux out of cell 3: J_e − J_w | N143: =IF(K143="","",IF(ISNUMBER(K143),IF(ABS(K143-'L1 Answers'!K143)<=MAX(0.005*ABS('L1 Answers'!K143),0.001),"✓","✗"),"✗"))
B144: Hint: Subtract the two face values.
B146: Add up J_e − J_w over ALL five cells | N146: =IF(K146="","",IF(ISNUMBER(K146),IF(ABS(K146-'L1 Answers'!K146)<=MAX(0.005*ABS('L1 Answers'!K146),0.001),"✓","✗"),"✗"))
B147: Hint: All the interior faces cancel: only J(1) − J(0) is left.
B149: Adding up all the cells, the interior faces ______. | N149: =IF(K149="","",IF(TRIM(K149)='L1 Answers'!K149,"✓","✗"))
B151: WHY? | C151: Why is cancelling so important? What leaves cell 3 through its east face is EXACTLY what enters cell 4 through its west face (it is the same number). So the method can never create or lose φ between cells: it is conservative by construction. That is the big advantage of finite volumes.
B153: BY HAND | C153: Write ∫ over a 2D cell of ∂J_x/∂x + ∂J_y/∂y in terms of the four faces.
B154: ✎ Write it out on paper first. Then type your equation into the white box below (it is not marked; compare it with the Answers tab).
B157: TAKE AWAY | C157: ∫ f dV ≈ f_P ΔV (midpoint rule; dV = dx in 1D). ∫ (derivative) dV = flux out − flux in through the faces. Interior face fluxes cancel, so finite volumes conserve φ exactly.
B171: HOW TO READ THIS DIAGRAM | C171: Write "out minus in" for each of the five cells (the bottom row). J₁ appears as "out" for cell 1 and as "in" for cell 2, so it cancels when you add them, and the same for J₂, J₃ and J₄. Only the two boundary fluxes J_A and J_B survive. This is what "conservative" means: whatever leaves one cell arrives in the next, exactly.
B173: PICTURE IT | C173: Line up five cells. Cell 1 loses J₁ₑ − J_A. Cell 2 loses J₂ₑ − J₁ₑ. Add them: J₁ₑ cancels! Add all five and every interior face cancels, leaving J_B − J_A. Nothing is lost or invented between cells.
B175: PEN AND PAPER | C175: Write the integral of dJ/dx over cells 1 to 5 one under the other in your notebook, then add them up and cross out the pairs that cancel.
B190: HOW TO READ THIS DIAGRAM | C190: In 2D a cell has four faces and the same idea gives four terms: the flux through each face times the length of that face. Fluxes pointing OUT of the cell count as positive. A triangle would give three terms, a hexagon six. This is the divergence theorem, and it is the reason the method works on any shape of cell (Lesson 8).
B192: RECAP | C192: ▸ ∫ f dV = total amount of f in the cell. In 1D with unit area, dV = dx. ▸ Midpoint rule: ∫ f dV ≈ f_P ΔV. Exact for straight lines, error ∝ Δx³ per cell otherwise. ▸ ∫ (dJ/dx) dx = J_e − J_w: integrating a derivative leaves only face fluxes. ▸ Interior face fluxes cancel in pairs, so the FVM is conservative.
B194: NEXT UP | C194: Lesson 2: φ is only known at centres. How do we get its value and its slope on a face?
B198: CFD by Hand · Learn CFD one cell at a time · linktr.ee/cfdbyhand

Sheet L1 Answers
B2: LESSON 1 · INTEGRATING OVER A CONTROL VOLUME · ANSWERS | L2: PROGRESS
B3: What an integral over a cell means | L3: =COUNTIF($N$5:$N$201,"✓")&" / 14" -> 14 / 14
B4: Every blank is already filled in on this sheet, with the formula that produces it. Use it to check your Learn sheet. | L4: @CFDbyHand
B6: IN THIS LESSON | C6: By the end of this lesson you will be able to: ▸ explain in words what ∫ f dV over a cell means ▸ see why dV = dx in 1D (for a slice of unit area) ▸ use the midpoint rule f_P ΔV and know when it is exact ▸ turn the integral of a derivative into "flux out − flux in" through the faces
B8: BEFORE YOU START | C8: Lesson 0. You do not need to be good at calculus: the only rule used is that integrating a slope gives back the change. About 10 to 20 minutes (a rough guide).
B10: How to use this sheet: read each box from top to bottom like the page of a book. Cream boxes are for you to fill. Type a number, or better a formula that clicks on the blue input cells. A green tick means you are right (within 0.5%), a red cross means look again at the step just above. Stuck? The Answers tab has the same layout, so the answer sits in the same cell there.
B12: 1 | C12: An integral is a sum of tiny pieces
B14: Every finite volume derivation starts with the words "integrate over the control volume". It sounds frightening but it is just adding up. Picture the cell full of tiny pieces. Each piece has a volume dV and some value of f. Multiply and add over every piece: that sum is ∫ f dV.
B15: PICTURE IT | C15: If f is "kg of salt per m³", then f dV is the kg of salt in one tiny piece, and ∫ f dV over the cell is the total salt in the cell. An integral over a cell is always "the total amount of something in the cell".
B17: Why dV = dx in 1D
B18: A 1D problem is really a bar or duct with a cross-section area A. A thin slice of thickness dx has volume A dx. Most problems take a slice of unit area (A = 1, "per square metre"), so dV = dx and the cell volume is simply ΔV = Δx. In 2D with unit depth, dV = dx dy and ΔV = Δx Δy.
B33: HOW TO READ THIS DIAGRAM | C33: Think of the 1D problem as a long bar with cross section A. A thin slice of thickness dx has volume A·dx. If we work "per square metre of cross section" (A = 1), the volume of the slice is just dx. That is all "dV = dx" means. The arrows show what the balance of the slice will be about: something flows in through the left face and out through the right face.
B35: ∫ f dV means: cut the cell into tiny pieces of volume dV, multiply each piece by the value of f there, and add them all up. In 1D the "volume" of a slice of a bar is its area times its length, dV = A dx. With A = 1 (a slice of unit area) that is simply dV = dx, so an integral over a 1D cell is an ordinary integral from its west face to its east face.
B42: IN PLAIN WORDS | C42: The finite volume method keeps one value per cell, so it approximates the integral by "value at the centre × cell volume". This is the midpoint rule. It is exact when f is a straight line and very close otherwise.
B56: IN PLAIN WORDS | C56: The midpoint rule replaces "add up every tiny piece" with "the value in the middle × the size of the cell". It is the natural choice because the FVM stores exactly one value per cell, at its centre.
B59: 2 | C59: Try it: a straight line source
B61: Test the midpoint rule on f = 2 + 3x. Over a straight line the bits above the centre value exactly cancel the bits below it, so "centre value × width" is exact.
B62: WORKED EXAMPLE | C62: Cell 1: x_P = 0.1, Δx = 0.2. Midpoint: f(0.1) × 0.2 = 2.3 × 0.2 = 0.46. Exact: ∫ from 0 to 0.2 of (2 + 3x) dx = 2(0.2) + 1.5(0.2²) = 0.4 + 0.06 = 0.46. Same!
B64: Mesh (5 cells on 0 to 1) | F64: Symbol | G64: Value | I64: Unit
B65: Cell width | F65: Δx | G65: 0.2
B66: Cell | E66: 1 | F66: 2 | G66: 3 | H66: 4 | I66: 5
B67: x_P | E67: 0.1 | F67: 0.3 | G67: 0.5 | H67: 0.7 | I67: 0.9
B68: f(x_P) = 2 + 3x_P | E68: =2+3*E67 -> 2.3 | F68: =2+3*F67 -> 2.9 | G68: =2+3*G67 -> 3.5 | H68: =2+3*H67 -> 4.1 | I68: =2+3*I67 -> 4.7 | N68: =IF(COUNT(E68:I68)<5,"",IF(SUMPRODUCT(--(ABS(E68:I68-'L1 Answers'!E68:I68)<=0.005*ABS('L1 Answers'!E68:I68)+0.001))=5,"✓","✗")) -> ✓
B69: midpoint f(x_P)Δx | E69: =E68*$G$65 -> 0.46 | F69: =F68*$G$65 -> 0.58 | G69: =G68*$G$65 -> 0.7 | H69: =H68*$G$65 -> 0.82 | I69: =I68*$G$65 -> 0.94 | N69: =IF(COUNT(E69:I69)<5,"",IF(SUMPRODUCT(--(ABS(E69:I69-'L1 Answers'!E69:I69)<=0.005*ABS('L1 Answers'!E69:I69)+0.001))=5,"✓","✗")) -> ✓
B70: exact 2Δx + 1.5(x_e² − x_w²) | E70: =2*$G$65+1.5*((E67+$G$65/2)^2-(E67-$G$65/2)^2) -> 0.46 | F70: =2*$G$65+1.5*((F67+$G$65/2)^2-(F67-$G$65/2)^2) -> 0.58 | G70: =2*$G$65+1.5*((G67+$G$65/2)^2-(G67-$G$65/2)^2) -> 0.7 | H70: =2*$G$65+1.5*((H67+$G$65/2)^2-(H67-$G$65/2)^2) -> 0.82 | I70: =2*$G$65+1.5*((I67+$G$65/2)^2-(I67-$G$65/2)^2) -> 0.94 | N70: =IF(COUNT(E70:I70)<5,"",IF(SUMPRODUCT(--(ABS(E70:I70-'L1 Answers'!E70:I70)<=0.005*ABS('L1 Answers'!E70:I70)+0.001))=5,"✓","✗")) -> ✓
B72: For a straight line the midpoint rule is ______. | K72: exact | N72: =IF(K72="","",IF(TRIM(K72)='L1 Answers'!K72,"✓","✗")) -> ✓
B86: HOW TO READ THIS DIAGRAM | C86: The dashed box is the midpoint rule: centre value × width. Left: for a straight line the bit of curve above the box (red) and the bit below it (blue) are identical triangles, so they cancel and the box is exact. Right: for a curve that bends upwards the red region is bigger than the blue one, so the box slightly underestimates. That small sliver is the error, and it shrinks very fast (like Δx³) as cells get smaller.
B89: 3 | C89: A curved source
B91: Now a curve, f = x². The curve bends upwards, so the centre value is a little below the average and the midpoint rule underestimates slightly. The error per cell is f″Δx³/24, which for x² (f″ = 2) is Δx³/12.
B92: PAUSE AND THINK | C92: Error per cell ∝ Δx³, and there are 1/Δx cells, so the total error ∝ Δx². Halve the cells, quarter the total error. You will see "error ∝ Δx²" again and again: it is called second order accuracy.
B94: Cell | E94: 1 | F94: 2 | G94: 3 | H94: 4 | I94: 5
B95: midpoint x_P² Δx | E95: =E67^2*$G$65 -> 0.002 | F95: =F67^2*$G$65 -> 0.018 | G95: =G67^2*$G$65 -> 0.05 | H95: =H67^2*$G$65 -> 0.098 | I95: =I67^2*$G$65 -> 0.162 | N95: =IF(COUNT(E95:I95)<5,"",IF(SUMPRODUCT(--(ABS(E95:I95-'L1 Answers'!E95:I95)<=0.005*ABS('L1 Answers'!E95:I95)+0.001))=5,"✓","✗")) -> ✓
B96: exact (x_e³ − x_w³)/3 | E96: =((E67+$G$65/2)^3-(E67-$G$65/2)^3)/3 -> 0.0026666667 | F96: =((F67+$G$65/2)^3-(F67-$G$65/2)^3)/3 -> 0.018666667 | G96: =((G67+$G$65/2)^3-(G67-$G$65/2)^3)/3 -> 0.050666667 | H96: =((H67+$G$65/2)^3-(H67-$G$65/2)^3)/3 -> 0.098666667 | I96: =((I67+$G$65/2)^3-(I67-$G$65/2)^3)/3 -> 0.16266667 | N96: =IF(COUNT(E96:I96)<5,"",IF(SUMPRODUCT(--(ABS(E96:I96-'L1 Answers'!E96:I96)<=0.005*ABS('L1 Answers'!E96:I96)+0.001))=5,"✓","✗")) -> ✓
B97: error exact − midpoint | E97: =E96-E95 -> 0.00066666667 | F97: =F96-F95 -> 0.00066666667 | G97: =G96-G95 -> 0.00066666667 | H97: =H96-H95 -> 0.00066666667 | I97: =I96-I95 -> 0.00066666667 | N97: =IF(COUNT(E97:I97)<5,"",IF(SUMPRODUCT(--(ABS(E97:I97-'L1 Answers'!E97:I97)<=0.005*ABS('L1 Answers'!E97:I97)+0.001))=5,"✓","✗")) -> ✓
B99: The error is the same in every cell. It equals Δx³/12: | K99: =$G$65^3/12 -> 0.00066666667 | N99: =IF(K99="","",IF(ISNUMBER(K99),IF(ABS(K99-'L1 Answers'!K99)<=MAX(0.005*ABS('L1 Answers'!K99),0.001),"✓","✗"),"✗")) -> ✓
B100: Hint: Δx = 0.2, so Δx³/12 = 0.008/12.
B102: Halving Δx would make the error in each cell ______. | K102: 8 times smaller | N102: =IF(K102="","",IF(TRIM(K102)='L1 Answers'!K102,"✓","✗")) -> ✓
B103: Hint: The error goes like Δx³: (½)³.
B106: 4 | C106: Integrating a derivative: only the faces survive
B108: This is the most important idea in the whole pack. Equations of physics are written with derivatives: dJ/dx, the rate at which a flux J changes along x. When you integrate a derivative over a cell, the calculus cancels the derivative:
B109: WORKED EXAMPLE | C109: ∫ from x_w to x_e of (dJ/dx) dx = J(x_e) − J(x_w) = J_e − J_w. Cell 3 with J = 4x²: J_e = 4(0.6)² = 1.44, J_w = 4(0.4)² = 0.64, net = 0.80.
B111: WHY? | C111: Physically: J_e is what leaves through the right door, J_w is what enters through the left door. Their difference is what the cell loses. The derivative inside the cell does not matter any more, only the two face values do. So the unknowns of the problem become "what crosses each face".
B124: HOW TO READ THIS DIAGRAM | C124: This is the most important picture in the pack. Whatever happens INSIDE the cell (the derivative dJ/dx) disappears when you integrate. What is left is only what crosses the two faces: J_e leaving on the right minus J_w entering on the left. So the finite volume method never needs to know what goes on inside a cell, only at its faces.
B126: The key trick of the whole method. If the thing inside the integral is a derivative, integrating it just gives its value at the two ends (the fundamental theorem of calculus):
B133: IN PLAIN WORDS | C133: J is a flux: an amount of φ crossing a face per second per unit area. "What comes out of the east face minus what comes in at the west face" is exactly the net amount leaving the cell. That is why every finite volume equation is a balance: in = out. The 2D/3D version (the divergence theorem) says the same with one term per face.
B135: A known flux J = 4x² | F135: Symbol | G135: Value | I135: Unit
B136: Flux | F136: J(x) | G136: 4x²
B137: J at the east face of cell 3 (x = 0.6) | K137: =4*0.6^2 -> 1.44 | N137: =IF(K137="","",IF(ISNUMBER(K137),IF(ABS(K137-'L1 Answers'!K137)<=MAX(0.005*ABS('L1 Answers'!K137),0.001),"✓","✗"),"✗")) -> ✓
B138: Hint: Cell 3 runs from 0.4 to 0.6.
B140: J at the west face of cell 3 (x = 0.4) | K140: =4*0.4^2 -> 0.64 | N140: =IF(K140="","",IF(ISNUMBER(K140),IF(ABS(K140-'L1 Answers'!K140)<=MAX(0.005*ABS('L1 Answers'!K140),0.001),"✓","✗"),"✗")) -> ✓
B141: Hint: 4 × 0.4².
B143: Net flux out of cell 3: J_e − J_w | K143: =$K$137-$K$140 -> 0.8 | N143: =IF(K143="","",IF(ISNUMBER(K143),IF(ABS(K143-'L1 Answers'!K143)<=MAX(0.005*ABS('L1 Answers'!K143),0.001),"✓","✗"),"✗")) -> ✓
B144: Hint: Subtract the two face values.
B146: Add up J_e − J_w over ALL five cells | K146: =4*1^2-4*0^2 -> 4 | N146: =IF(K146="","",IF(ISNUMBER(K146),IF(ABS(K146-'L1 Answers'!K146)<=MAX(0.005*ABS('L1 Answers'!K146),0.001),"✓","✗"),"✗")) -> ✓
B147: Hint: All the interior faces cancel: only J(1) − J(0) is left.
B149: Adding up all the cells, the interior faces ______. | K149: cancel in pairs, leaving only the boundary faces | N149: =IF(K149="","",IF(TRIM(K149)='L1 Answers'!K149,"✓","✗")) -> ✓
B151: WHY? | C151: Why is cancelling so important? What leaves cell 3 through its east face is EXACTLY what enters cell 4 through its west face (it is the same number). So the method can never create or lose φ between cells: it is conservative by construction. That is the big advantage of finite volumes.
B153: BY HAND | C153: Write ∫ over a 2D cell of ∂J_x/∂x + ∂J_y/∂y in terms of the four faces.
B154: Model answer:
B155: (J_x,e − J_x,w) Δy + (J_y,n − J_y,s) Δx: each face flux times its length (× depth 1).
B157: TAKE AWAY | C157: ∫ f dV ≈ f_P ΔV (midpoint rule; dV = dx in 1D). ∫ (derivative) dV = flux out − flux in through the faces. Interior face fluxes cancel, so finite volumes conserve φ exactly.
B171: HOW TO READ THIS DIAGRAM | C171: Write "out minus in" for each of the five cells (the bottom row). J₁ appears as "out" for cell 1 and as "in" for cell 2, so it cancels when you add them, and the same for J₂, J₃ and J₄. Only the two boundary fluxes J_A and J_B survive. This is what "conservative" means: whatever leaves one cell arrives in the next, exactly.
B173: PICTURE IT | C173: Line up five cells. Cell 1 loses J₁ₑ − J_A. Cell 2 loses J₂ₑ − J₁ₑ. Add them: J₁ₑ cancels! Add all five and every interior face cancels, leaving J_B − J_A. Nothing is lost or invented between cells.
B175: PEN AND PAPER | C175: Write the integral of dJ/dx over cells 1 to 5 one under the other in your notebook, then add them up and cross out the pairs that cancel.
B190: HOW TO READ THIS DIAGRAM | C190: In 2D a cell has four faces and the same idea gives four terms: the flux through each face times the length of that face. Fluxes pointing OUT of the cell count as positive. A triangle would give three terms, a hexagon six. This is the divergence theorem, and it is the reason the method works on any shape of cell (Lesson 8).
B192: RECAP | C192: ▸ ∫ f dV = total amount of f in the cell. In 1D with unit area, dV = dx. ▸ Midpoint rule: ∫ f dV ≈ f_P ΔV. Exact for straight lines, error ∝ Δx³ per cell otherwise. ▸ ∫ (dJ/dx) dx = J_e − J_w: integrating a derivative leaves only face fluxes. ▸ Interior face fluxes cancel in pairs, so the FVM is conservative.
B194: NEXT UP | C194: Lesson 2: φ is only known at centres. How do we get its value and its slope on a face?
B198: CFD by Hand · Learn CFD one cell at a time · linktr.ee/cfdbyhand

Sheet L2 Learn
B2: LESSON 2 · APPROXIMATING FACE VALUES AND GRADIENTS · LEARN | L2: PROGRESS
B3: Values and slopes on faces | L3: =COUNTIF($N$5:$N$152,"✓")&" / 14" -> 0 / 14
B4: Work down the sheet. Fill each cream box; a ✓ appears when it is right. | L4: @CFDbyHand
B6: IN THIS LESSON | C6: By the end of this lesson you will be able to: ▸ estimate the slope dφ/dx on a face from two neighbouring centres ▸ estimate the value φ on a face by (weighted) averaging ▸ measure the error and see it fall as δx² ▸ handle the half cell distance at a boundary face
B8: BEFORE YOU START | C8: Lessons 0 and 1. About 10 to 20 minutes (a rough guide).
B10: How to use this sheet: read each box from top to bottom like the page of a book. Cream boxes are for you to fill. Type a number, or better a formula that clicks on the blue input cells. A green tick means you are right (within 0.5%), a red cross means look again at the step just above. Stuck? The Answers tab has the same layout, so the answer sits in the same cell there.
B12: 1 | C12: The problem: we only know centres
B14: After Lesson 1 every equation is written in terms of face fluxes. A diffusion flux needs the SLOPE dφ/dx at a face. A convection flux needs the VALUE φ at a face. We only store φ at centres, so we need approximations, and this lesson checks how good they are on a test function where we know the exact answer.
B28: After integrating, every equation needs things AT THE FACES: the slope dφ/dx (for diffusion) and sometimes the value φ itself (for convection). But φ is only stored at the centres. So we estimate face quantities from the two centres either side:
B34: Let us test them on a function we know exactly, φ(x) = x³, so we can measure the errors.
B36: 2 | C36: Slope at a face
B38: The slope between two points is "rise over run". For a face sitting between P and E, the rise is φ_E − φ_P and the run is the distance between the centres δx_PE.
B39: WORKED EXAMPLE | C39: x_e = 0.4, δx = 0.2: P at 0.3, E at 0.5. φ_P = 0.027, φ_E = 0.125. Slope ≈ (0.125 − 0.027)/0.2 = 0.49. Exact 3x² = 0.48. Error 0.01.
B41: Given | F41: Symbol | G41: Value | I41: Unit
B42: Coarse spacing | F42: δx | G42: 0.2
B43: Fine spacing | F43: δx | G43: 0.1
B44: Face position | F44: x_e | G44: 0.4
B45: φ_P at x = x_e − δx/2 (coarse) | N45: =IF(K45="","",IF(ISNUMBER(K45),IF(ABS(K45-'L2 Answers'!K45)<=MAX(0.005*ABS('L2 Answers'!K45),0.001),"✓","✗"),"✗"))
B46: Hint: (0.4 − 0.1)³.
B48: φ_E at x = x_e + δx/2 (coarse) | N48: =IF(K48="","",IF(ISNUMBER(K48),IF(ABS(K48-'L2 Answers'!K48)<=MAX(0.005*ABS('L2 Answers'!K48),0.001),"✓","✗"),"✗"))
B49: Hint: (0.4 + 0.1)³.
B51: Estimated slope (φ_E − φ_P)/δx | N51: =IF(K51="","",IF(ISNUMBER(K51),IF(ABS(K51-'L2 Answers'!K51)<=MAX(0.005*ABS('L2 Answers'!K51),0.001),"✓","✗"),"✗"))
B52: Hint: Divide by the coarse spacing 0.2.
B54: Exact slope 3x_e² | N54: =IF(K54="","",IF(ISNUMBER(K54),IF(ABS(K54-'L2 Answers'!K54)<=MAX(0.005*ABS('L2 Answers'!K54),0.001),"✓","✗"),"✗"))
B55: Hint: 3 × 0.4².
B57: Error (coarse) | N57: =IF(K57="","",IF(ISNUMBER(K57),IF(ABS(K57-'L2 Answers'!K57)<=MAX(0.005*ABS('L2 Answers'!K57),0.001),"✓","✗"),"✗"))
B59: Estimated slope with the fine spacing | N59: =IF(K59="","",IF(ISNUMBER(K59),IF(ABS(K59-'L2 Answers'!K59)<=MAX(0.005*ABS('L2 Answers'!K59),0.001),"✓","✗"),"✗"))
B61: Error (fine) | N61: =IF(K61="","",IF(ISNUMBER(K61),IF(ABS(K61-'L2 Answers'!K61)<=MAX(0.005*ABS('L2 Answers'!K61),0.001),"✓","✗"),"✗"))
B63: Error ratio coarse/fine | N63: =IF(K63="","",IF(ISNUMBER(K63),IF(ABS(K63-'L2 Answers'!K63)<=MAX(0.005*ABS('L2 Answers'!K63),0.001),"✓","✗"),"✗"))
B64: Hint: Second order: halving δx divides the error by about 4.
B66: IN PLAIN WORDS | C66: Halving the spacing divided the error by 4: the error goes like δx². That is called second order accuracy, and it is why the centre-to-centre slope is the standard choice.
B68: WHY? | C68: Why is this so accurate? The face sits exactly between the two points, so errors on either side cancel (a symmetric or "central" difference). A one-sided slope would only be first order: half the spacing, half the error.
B71: 3 | C71: Value at a face
B73: The face value by averaging is also second order on a uniform mesh. It is the "central differencing" estimate of the face value. Lesson 9 will show it has a problem when the flow is fast, which leads to upwinding.
B74: Face value by averaging (coarse) | N74: =IF(K74="","",IF(ISNUMBER(K74),IF(ABS(K74-'L2 Answers'!K74)<=MAX(0.005*ABS('L2 Answers'!K74),0.001),"✓","✗"),"✗"))
B76: Exact φ at the face | N76: =IF(K76="","",IF(ISNUMBER(K76),IF(ABS(K76-'L2 Answers'!K76)<=MAX(0.005*ABS('L2 Answers'!K76),0.001),"✓","✗"),"✗"))
B78: Error of the average | N78: =IF(K78="","",IF(ISNUMBER(K78),IF(ABS(K78-'L2 Answers'!K78)<=MAX(0.005*ABS('L2 Answers'!K78),0.001),"✓","✗"),"✗"))
B81: 4 | C81: Uneven spacing and boundary faces
B83: On an uneven mesh the face is closer to one centre than the other. Linear interpolation gives more weight to the closer centre. The weight f is simply "how far along from P to E the face is".
B84: WORKED EXAMPLE | C84: P at 0.3, E at 0.6, face at 0.4: f = (0.4 − 0.3)/(0.6 − 0.3) = 1/3. φ_e = (2/3)(10) + (1/3)(40) = 20.
B86: PICTURE IT | C86: Boundary face: there is no cell beyond the wall. But we usually KNOW the value on the wall itself, and the wall is only half a cell away from the first centre. So the slope there is (φ_P − φ_wall)/(Δx/2).
B101: HOW TO READ THIS DIAGRAM | C101: When the face is not half way between P and E, draw a straight line from φ_P to φ_E and read off its height at the face. The weight f is just how far along the line the face is: here the face is one third of the way from P to E, so f = 1/3 and the face value is one third of the way from 10 to 40, which is 20.
B103: If the face is not half way between P and E, weight each value by how close it is: φ_e = (1 − f)φ_P + f φ_E, with f = (x_e − x_P)/(x_E − x_P). At a boundary face the "neighbour" is the boundary value itself, only half a cell away:
B109: Uneven mesh | F109: Symbol | G109: Value | I109: Unit
B110: x_P | F110: x_P | G110: 0.3
B111: x_E | F111: x_E | G111: 0.6
B112: φ_P | F112: φ_P | G112: 10
B113: φ_E | F113: φ_E | G113: 40
B114: Boundary value | F114: φ_A | G114: 0
B115: First centre | F115: x₁ | G115: 0.1
B116: First value | F116: φ₁ | G116: 5
B117: Weight f for a face at x = 0.4 | N117: =IF(K117="","",IF(ISNUMBER(K117),IF(ABS(K117-'L2 Answers'!K117)<=MAX(0.005*ABS('L2 Answers'!K117),0.001),"✓","✗"),"✗"))
B118: Hint: (x_e − x_P)/(x_E − x_P).
B120: Interpolated face value | N120: =IF(K120="","",IF(ISNUMBER(K120),IF(ABS(K120-'L2 Answers'!K120)<=MAX(0.005*ABS('L2 Answers'!K120),0.001),"✓","✗"),"✗"))
B122: Slope at the boundary face (first centre at 0.1) | N122: =IF(K122="","",IF(ISNUMBER(K122),IF(ABS(K122-'L2 Answers'!K122)<=MAX(0.005*ABS('L2 Answers'!K122),0.001),"✓","✗"),"✗"))
B123: Hint: The first centre is 0.1 from the wall: (5 − 0)/0.1.
B125: COMMON MISTAKE | C125: Using Δx instead of Δx/2 at a boundary. The boundary is only half a cell from the first centre.
B127: TAKE AWAY | C127: Face slope ≈ (φ_E − φ_P)/δx (second order). Face value ≈ average (or a weighted average on uneven meshes). At a boundary use the boundary value and a distance of Δx/2.
B141: HOW TO READ THIS DIAGRAM | C141: Next to a wall there is no cell on the other side, but we know the value on the wall itself (red dot). The first centre is only HALF a cell from the wall, so the slope there is (φ_P − φ_A)/(Δx/2), twice as steep as using Δx would suggest. This half cell is the source of the "2" in every boundary formula from Lesson 4 onwards.
B143: RECAP | C143: ▸ Face slope ≈ (φ_E − φ_P)/δx_PE: second order, error ∝ δx². ▸ Face value ≈ (φ_P + φ_E)/2 on uniform meshes, weighted on uneven ones. ▸ At a boundary face the distance is Δx/2, not Δx.
B145: NEXT UP | C145: Lesson 3: put Lessons 1 and 2 together to solve your first finite volume problem.
B149: CFD by Hand · Learn CFD one cell at a time · linktr.ee/cfdbyhand

Sheet L2 Answers
B2: LESSON 2 · APPROXIMATING FACE VALUES AND GRADIENTS · ANSWERS | L2: PROGRESS
B3: Values and slopes on faces | L3: =COUNTIF($N$5:$N$152,"✓")&" / 14" -> 14 / 14
B4: Every blank is already filled in on this sheet, with the formula that produces it. Use it to check your Learn sheet. | L4: @CFDbyHand
B6: IN THIS LESSON | C6: By the end of this lesson you will be able to: ▸ estimate the slope dφ/dx on a face from two neighbouring centres ▸ estimate the value φ on a face by (weighted) averaging ▸ measure the error and see it fall as δx² ▸ handle the half cell distance at a boundary face
B8: BEFORE YOU START | C8: Lessons 0 and 1. About 10 to 20 minutes (a rough guide).
B10: How to use this sheet: read each box from top to bottom like the page of a book. Cream boxes are for you to fill. Type a number, or better a formula that clicks on the blue input cells. A green tick means you are right (within 0.5%), a red cross means look again at the step just above. Stuck? The Answers tab has the same layout, so the answer sits in the same cell there.
B12: 1 | C12: The problem: we only know centres
B14: After Lesson 1 every equation is written in terms of face fluxes. A diffusion flux needs the SLOPE dφ/dx at a face. A convection flux needs the VALUE φ at a face. We only store φ at centres, so we need approximations, and this lesson checks how good they are on a test function where we know the exact answer.
B28: After integrating, every equation needs things AT THE FACES: the slope dφ/dx (for diffusion) and sometimes the value φ itself (for convection). But φ is only stored at the centres. So we estimate face quantities from the two centres either side:
B34: Let us test them on a function we know exactly, φ(x) = x³, so we can measure the errors.
B36: 2 | C36: Slope at a face
B38: The slope between two points is "rise over run". For a face sitting between P and E, the rise is φ_E − φ_P and the run is the distance between the centres δx_PE.
B39: WORKED EXAMPLE | C39: x_e = 0.4, δx = 0.2: P at 0.3, E at 0.5. φ_P = 0.027, φ_E = 0.125. Slope ≈ (0.125 − 0.027)/0.2 = 0.49. Exact 3x² = 0.48. Error 0.01.
B41: Given | F41: Symbol | G41: Value | I41: Unit
B42: Coarse spacing | F42: δx | G42: 0.2
B43: Fine spacing | F43: δx | G43: 0.1
B44: Face position | F44: x_e | G44: 0.4
B45: φ_P at x = x_e − δx/2 (coarse) | K45: =($G$44-$G$42/2)^3 -> 0.027 | N45: =IF(K45="","",IF(ISNUMBER(K45),IF(ABS(K45-'L2 Answers'!K45)<=MAX(0.005*ABS('L2 Answers'!K45),0.001),"✓","✗"),"✗")) -> ✓
B46: Hint: (0.4 − 0.1)³.
B48: φ_E at x = x_e + δx/2 (coarse) | K48: =($G$44+$G$42/2)^3 -> 0.125 | N48: =IF(K48="","",IF(ISNUMBER(K48),IF(ABS(K48-'L2 Answers'!K48)<=MAX(0.005*ABS('L2 Answers'!K48),0.001),"✓","✗"),"✗")) -> ✓
B49: Hint: (0.4 + 0.1)³.
B51: Estimated slope (φ_E − φ_P)/δx | K51: =($K$48-$K$45)/$G$42 -> 0.49 | N51: =IF(K51="","",IF(ISNUMBER(K51),IF(ABS(K51-'L2 Answers'!K51)<=MAX(0.005*ABS('L2 Answers'!K51),0.001),"✓","✗"),"✗")) -> ✓
B52: Hint: Divide by the coarse spacing 0.2.
B54: Exact slope 3x_e² | K54: =3*$G$44^2 -> 0.48 | N54: =IF(K54="","",IF(ISNUMBER(K54),IF(ABS(K54-'L2 Answers'!K54)<=MAX(0.005*ABS('L2 Answers'!K54),0.001),"✓","✗"),"✗")) -> ✓
B55: Hint: 3 × 0.4².
B57: Error (coarse) | K57: =$K$51-$K$54 -> 0.01 | N57: =IF(K57="","",IF(ISNUMBER(K57),IF(ABS(K57-'L2 Answers'!K57)<=MAX(0.005*ABS('L2 Answers'!K57),0.001),"✓","✗"),"✗")) -> ✓
B59: Estimated slope with the fine spacing | K59: =(($G$44+$G$43/2)^3-($G$44-$G$43/2)^3)/$G$43 -> 0.4825 | N59: =IF(K59="","",IF(ISNUMBER(K59),IF(ABS(K59-'L2 Answers'!K59)<=MAX(0.005*ABS('L2 Answers'!K59),0.001),"✓","✗"),"✗")) -> ✓
B61: Error (fine) | K61: =$K$59-$K$54 -> 0.0025 | N61: =IF(K61="","",IF(ISNUMBER(K61),IF(ABS(K61-'L2 Answers'!K61)<=MAX(0.005*ABS('L2 Answers'!K61),0.001),"✓","✗"),"✗")) -> ✓
B63: Error ratio coarse/fine | K63: =$K$57/$K$61 -> 4 | N63: =IF(K63="","",IF(ISNUMBER(K63),IF(ABS(K63-'L2 Answers'!K63)<=MAX(0.005*ABS('L2 Answers'!K63),0.001),"✓","✗"),"✗")) -> ✓
B64: Hint: Second order: halving δx divides the error by about 4.
B66: IN PLAIN WORDS | C66: Halving the spacing divided the error by 4: the error goes like δx². That is called second order accuracy, and it is why the centre-to-centre slope is the standard choice.
B68: WHY? | C68: Why is this so accurate? The face sits exactly between the two points, so errors on either side cancel (a symmetric or "central" difference). A one-sided slope would only be first order: half the spacing, half the error.
B71: 3 | C71: Value at a face
B73: The face value by averaging is also second order on a uniform mesh. It is the "central differencing" estimate of the face value. Lesson 9 will show it has a problem when the flow is fast, which leads to upwinding.
B74: Face value by averaging (coarse) | K74: =($K$45+$K$48)/2 -> 0.076 | N74: =IF(K74="","",IF(ISNUMBER(K74),IF(ABS(K74-'L2 Answers'!K74)<=MAX(0.005*ABS('L2 Answers'!K74),0.001),"✓","✗"),"✗")) -> ✓
B76: Exact φ at the face | K76: =$G$44^3 -> 0.064 | N76: =IF(K76="","",IF(ISNUMBER(K76),IF(ABS(K76-'L2 Answers'!K76)<=MAX(0.005*ABS('L2 Answers'!K76),0.001),"✓","✗"),"✗")) -> ✓
B78: Error of the average | K78: =$K$74-$K$76 -> 0.012 | N78: =IF(K78="","",IF(ISNUMBER(K78),IF(ABS(K78-'L2 Answers'!K78)<=MAX(0.005*ABS('L2 Answers'!K78),0.001),"✓","✗"),"✗")) -> ✓
B81: 4 | C81: Uneven spacing and boundary faces
B83: On an uneven mesh the face is closer to one centre than the other. Linear interpolation gives more weight to the closer centre. The weight f is simply "how far along from P to E the face is".
B84: WORKED EXAMPLE | C84: P at 0.3, E at 0.6, face at 0.4: f = (0.4 − 0.3)/(0.6 − 0.3) = 1/3. φ_e = (2/3)(10) + (1/3)(40) = 20.
B86: PICTURE IT | C86: Boundary face: there is no cell beyond the wall. But we usually KNOW the value on the wall itself, and the wall is only half a cell away from the first centre. So the slope there is (φ_P − φ_wall)/(Δx/2).
B101: HOW TO READ THIS DIAGRAM | C101: When the face is not half way between P and E, draw a straight line from φ_P to φ_E and read off its height at the face. The weight f is just how far along the line the face is: here the face is one third of the way from P to E, so f = 1/3 and the face value is one third of the way from 10 to 40, which is 20.
B103: If the face is not half way between P and E, weight each value by how close it is: φ_e = (1 − f)φ_P + f φ_E, with f = (x_e − x_P)/(x_E − x_P). At a boundary face the "neighbour" is the boundary value itself, only half a cell away:
B109: Uneven mesh | F109: Symbol | G109: Value | I109: Unit
B110: x_P | F110: x_P | G110: 0.3
B111: x_E | F111: x_E | G111: 0.6
B112: φ_P | F112: φ_P | G112: 10
B113: φ_E | F113: φ_E | G113: 40
B114: Boundary value | F114: φ_A | G114: 0
B115: First centre | F115: x₁ | G115: 0.1
B116: First value | F116: φ₁ | G116: 5
B117: Weight f for a face at x = 0.4 | K117: =($G$44-$G$110)/($G$111-$G$110) -> 0.33333333 | N117: =IF(K117="","",IF(ISNUMBER(K117),IF(ABS(K117-'L2 Answers'!K117)<=MAX(0.005*ABS('L2 Answers'!K117),0.001),"✓","✗"),"✗")) -> ✓
B118: Hint: (x_e − x_P)/(x_E − x_P).
B120: Interpolated face value | K120: =(1-$K$117)*$G$112+$K$117*$G$113 -> 20 | N120: =IF(K120="","",IF(ISNUMBER(K120),IF(ABS(K120-'L2 Answers'!K120)<=MAX(0.005*ABS('L2 Answers'!K120),0.001),"✓","✗"),"✗")) -> ✓
B122: Slope at the boundary face (first centre at 0.1) | K122: =($G$116-$G$114)/$G$115 -> 50 | N122: =IF(K122="","",IF(ISNUMBER(K122),IF(ABS(K122-'L2 Answers'!K122)<=MAX(0.005*ABS('L2 Answers'!K122),0.001),"✓","✗"),"✗")) -> ✓
B123: Hint: The first centre is 0.1 from the wall: (5 − 0)/0.1.
B125: COMMON MISTAKE | C125: Using Δx instead of Δx/2 at a boundary. The boundary is only half a cell from the first centre.
B127: TAKE AWAY | C127: Face slope ≈ (φ_E − φ_P)/δx (second order). Face value ≈ average (or a weighted average on uneven meshes). At a boundary use the boundary value and a distance of Δx/2.
B141: HOW TO READ THIS DIAGRAM | C141: Next to a wall there is no cell on the other side, but we know the value on the wall itself (red dot). The first centre is only HALF a cell from the wall, so the slope there is (φ_P − φ_A)/(Δx/2), twice as steep as using Δx would suggest. This half cell is the source of the "2" in every boundary formula from Lesson 4 onwards.
B143: RECAP | C143: ▸ Face slope ≈ (φ_E − φ_P)/δx_PE: second order, error ∝ δx². ▸ Face value ≈ (φ_P + φ_E)/2 on uniform meshes, weighted on uneven ones. ▸ At a boundary face the distance is Δx/2, not Δx.
B145: NEXT UP | C145: Lesson 3: put Lessons 1 and 2 together to solve your first finite volume problem.
B149: CFD by Hand · Learn CFD one cell at a time · linktr.ee/cfdbyhand

Sheet L3 Learn
B2: LESSON 3 · 1D DIFFUSION, INTERIOR CELLS · LEARN | L2: PROGRESS
B3: Your first finite volume solution | L3: =COUNTIF($N$5:$N$232,"✓")&" / 18" -> 0 / 18
B4: Work down the sheet. Fill each cream box; a ✓ appears when it is right. | L4: @CFDbyHand
B6: IN THIS LESSON | C6: By the end of this lesson you will be able to: ▸ integrate the 1D diffusion equation over one cell ▸ replace face slopes with centre values ▸ collect the result into a_P φ_P = a_W φ_W + a_E φ_E ▸ solve 2 cells by hand and 5 cells in Excel
B8: BEFORE YOU START | C8: Lessons 0 to 2. About 10 to 20 minutes (a rough guide).
B10: How to use this sheet: read each box from top to bottom like the page of a book. Cream boxes are for you to fill. Type a number, or better a formula that clicks on the blue input cells. A green tick means you are right (within 0.5%), a red cross means look again at the step just above. Stuck? The Answers tab has the same layout, so the answer sits in the same cell there.
B20: THE RECIPE | C20: Every lesson from here on follows these five steps. Keep this strip in mind: whenever a new effect is added (a boundary, a source, a second dimension, a flow), only step 3 or step 4 changes a little.
B23: 1 | C23: The equation
B25: Diffusion is the spreading of φ from high to low, with a flux J = −Γ dφ/dx (the minus sign: φ flows downhill). In steady state nothing piles up anywhere, so the flux is the same at every point: dJ/dx = 0, which is the equation above.
B26: New word | E26: What it means
B27: Γ (gamma) | E27: Diffusion coefficient: large Γ means φ spreads easily.
B28: Dirichlet boundary | E28: A boundary where the value of φ is fixed.
B29: Discretise | E29: Turn a differential equation into algebraic equations, one per cell.
B31: The simplest useful equation in the method is steady diffusion: φ spreads from high to low with no source. Γ is the diffusion coefficient. (It is heat conduction if φ is temperature, but here we keep it general.)
B37: Given | F37: Symbol | G37: Value | I37: Unit
B38: Domain length | F38: L | G38: 1
B39: Number of cells | F39: n | G39: 5
B40: Diffusion coefficient | F40: Γ | G40: 2
B41: Left boundary value | F41: φ_A | G41: 100
B42: Right boundary value | F42: φ_B | G42: 20
B44: 2 | C44: Step 1: integrate over cell P
B46: Follow Lesson 1 exactly: the thing inside the integral is a derivative (of Γ dφ/dx), so the integral is its value on the east face minus its value on the west face. No approximation yet: this line is exact.
B52: Lesson 1: integrating a derivative leaves only the faces. "Diffusive flux out of the east face minus flux in at the west face is zero".
B54: 3 | C54: Step 2: approximate the faces (Lesson 2)
B56: Now approximate the two slopes with Lesson 2’s centre-to-centre formula. This is the only approximation in the method.
B74: HOW TO READ THIS DIAGRAM | C74: The diffusive flux always runs from high to low. Through the west face it is D_w(φ_W − φ_P): positive if W is higher than P, so φ flows INTO P. Through the east face it is D_e(φ_P − φ_E): positive if P is higher than E, so φ flows OUT of P. In steady state what comes in must go out, which is exactly the cell equation.
B77: 4 | C77: Step 3: collect φ_P
B79: Multiply out and put all φ_P terms on the left. Every interior cell gives the same pattern, with coefficients called a_W, a_E (the neighbours) and a_P (the cell itself).
B80: WORKED EXAMPLE | C80: Γ = 2, Δx = 0.2 → D = 10. 10(φ_E − φ_P) − 10(φ_P − φ_W) = 0 ⇒ 20 φ_P = 10 φ_W + 10 φ_E ⇒ φ_P = (φ_W + φ_E)/2
B82: PAUSE AND THINK | C82: Each cell is simply the average of its neighbours. That is exactly what a straight line looks like, and the exact answer to this problem is a straight line from φ_A to φ_B.
B89: Δx | N89: =IF(K89="","",IF(ISNUMBER(K89),IF(ABS(K89-'L3 Answers'!K89)<=MAX(0.005*ABS('L3 Answers'!K89),0.001),"✓","✗"),"✗"))
B91: D = Γ/Δx | N91: =IF(K91="","",IF(ISNUMBER(K91),IF(ABS(K91-'L3 Answers'!K91)<=MAX(0.005*ABS('L3 Answers'!K91),0.001),"✓","✗"),"✗"))
B92: Hint: 2/0.2.
B94: Interior a_P | N94: =IF(K94="","",IF(ISNUMBER(K94),IF(ABS(K94-'L3 Answers'!K94)<=MAX(0.005*ABS('L3 Answers'!K94),0.001),"✓","✗"),"✗"))
B95: Hint: a_W + a_E = 2D.
B97: An interior φ_P is the ______ of φ_W and φ_E. | N97: =IF(K97="","",IF(TRIM(K97)='L3 Answers'!K97,"✓","✗"))
B110: HOW TO READ THIS DIAGRAM | C110: The same mesh drawn as an electric circuit. Each cell centre is a junction, the value φ is the voltage and the flux is the current. Between two centres the "resistance" is δx/Γ = 1/D. The two end links only span half a cell, so their resistance is halved and their conductance doubled: 2D. You will see this 2D in every boundary cell.
B113: 5 | C113: A two cell problem by hand
B115: With only two cells you can solve the equations by substitution, which shows what "solving the system" really means: every equation must hold at the same time.
B128: HOW TO READ THIS DIAGRAM | C128: The two cell problem drawn to scale. Each centre is half a cell (0.25) from its wall, so those links have conductance 2D = 8. The two centres are a whole cell (0.5) apart, so that link has conductance D = 4. Cell 1 feels the left wall through 8 and its neighbour through 4; cell 2 the same on the other side.
B130: Before Excel, solve the smallest possible problem completely by hand: the same domain with just 2 cells (Δx = 0.5, D = 4). Each cell touches one boundary, half a cell away, which gives a conductance 2D (Lesson 4 explains this in detail):
B134: φ₂ (substitute cell 1 into cell 2) | N134: =IF(K134="","",IF(ISNUMBER(K134),IF(ABS(K134-'L3 Answers'!K134)<=MAX(0.005*ABS('L3 Answers'!K134),0.001),"✓","✗"),"✗"))
B135: Hint: φ₁ = (4φ₂ + 800)/12; put it into 12φ₂ = 4φ₁ + 160.
B137: φ₁ | N137: =IF(K137="","",IF(ISNUMBER(K137),IF(ABS(K137-'L3 Answers'!K137)<=MAX(0.005*ABS('L3 Answers'!K137),0.001),"✓","✗"),"✗"))
B138: Hint: Use cell 1 with φ₂ = 40.
B140: BY HAND | C140: Show the substitution.
B141: ✎ Write it out on paper first. Then type your equation into the white box below (it is not marked; compare it with the Answers tab).
B144: PEN AND PAPER | C144: Do the 2 cell problem on paper before typing anything: write both equations, rearrange cell 1 for φ₁, substitute into cell 2. Check φ₁ = 80, φ₂ = 40 lie on the straight line from 100 to 20 at x = 0.25 and 0.75.
B147: 6 | C147: Five cells in Excel
B149: Five cells are tedious by hand, so Excel does the solving. Fill the coefficient table first (the boundary cells use Lesson 4’s rule, already shown here as 2D φ_A in S_u), then write φ_P = (a_W φ_W + a_E φ_E + S_u)/a_P in each cell.
B150: IN EXCEL | C150: Turn on iterative calculation first (File → Options → Formulas → Enable iterative calculation, 1000 iterations, max change 0.0001). Your formulas point at each other, and Excel needs permission to go round the loop until the numbers settle.
B164: HOW TO READ THIS DIAGRAM | C164: How the mesh sits in the sheet: one column per cell, with the boundary values in the coloured cells at each end. Under each cell its four coefficients sit in the same column (rows 5 to 8 here), so the φ formula in a cell only has to point left, right and up. Write it once, drag it across, and every cell gets the right equation.
B166: Cell | E166: 1 | F166: 2 | G166: 3 | H166: 4 | I166: 5
B167: aW | N167: =IF(COUNT(E167:I167)<5,"",IF(SUMPRODUCT(--(ABS(E167:I167-'L3 Answers'!E167:I167)<=0.005*ABS('L3 Answers'!E167:I167)+0.001))=5,"✓","✗"))
B168: aE | N168: =IF(COUNT(E168:I168)<5,"",IF(SUMPRODUCT(--(ABS(E168:I168-'L3 Answers'!E168:I168)<=0.005*ABS('L3 Answers'!E168:I168)+0.001))=5,"✓","✗"))
B169: Su | N169: =IF(COUNT(E169:I169)<5,"",IF(SUMPRODUCT(--(ABS(E169:I169-'L3 Answers'!E169:I169)<=0.005*ABS('L3 Answers'!E169:I169)+0.001))=5,"✓","✗"))
B170: Sp | N170: =IF(COUNT(E170:I170)<5,"",IF(SUMPRODUCT(--(ABS(E170:I170-'L3 Answers'!E170:I170)<=0.005*ABS('L3 Answers'!E170:I170)+0.001))=5,"✓","✗"))
B171: aP = aW + aE − Sp | N171: =IF(COUNT(E171:I171)<5,"",IF(SUMPRODUCT(--(ABS(E171:I171-'L3 Answers'!E171:I171)<=0.005*ABS('L3 Answers'!E171:I171)+0.001))=5,"✓","✗"))
B173: Your equations, written out by Excel from the table above:
B174: Cell 1 | C174: =IF(COUNT(E167,E168,E169,E170,E171)<5,"(fill cell 1 in the table to see its equation)",ROUND(E171,4)&" φ₁ = "&ROUND(E168,4)&" φ₂"&IF(ROUND(E169,6)=0,""," + "&ROUND(E169,4))) -> (fill cell 1 in the table to see its equation)
B175: Cell 2 | C175: =IF(COUNT(F167,F168,F169,F170,F171)<5,"(fill cell 2 in the table to see its equation)",ROUND(F171,4)&" φ₂ = "&ROUND(F167,4)&" φ₁"&" + "&ROUND(F168,4)&" φ₃"&IF(ROUND(F169,6)=0,""," + "&ROUND(F169,4))) -> (fill cell 2 in the table to see its equation)
B176: Cell 3 | C176: =IF(COUNT(G167,G168,G169,G170,G171)<5,"(fill cell 3 in the table to see its equation)",ROUND(G171,4)&" φ₃ = "&ROUND(G167,4)&" φ₂"&" + "&ROUND(G168,4)&" φ₄"&IF(ROUND(G169,6)=0,""," + "&ROUND(G169,4))) -> (fill cell 3 in the table to see its equation)
B177: Cell 4 | C177: =IF(COUNT(H167,H168,H169,H170,H171)<5,"(fill cell 4 in the table to see its equation)",ROUND(H171,4)&" φ₄ = "&ROUND(H167,4)&" φ₃"&" + "&ROUND(H168,4)&" φ₅"&IF(ROUND(H169,6)=0,""," + "&ROUND(H169,4))) -> (fill cell 4 in the table to see its equation)
B178: Cell 5 | C178: =IF(COUNT(I167,I168,I169,I170,I171)<5,"(fill cell 5 in the table to see its equation)",ROUND(I171,4)&" φ₅ = "&ROUND(I167,4)&" φ₄"&IF(ROUND(I169,6)=0,""," + "&ROUND(I169,4))) -> (fill cell 5 in the table to see its equation)
B180: Your mesh | D180: A | E180: Cell 1 | F180: Cell 2 | G180: Cell 3 | H180: Cell 4 | I180: Cell 5 | J180: B
B181: x_P (m) | D181: =0 -> 0 | J181: =$G$38 -> 1 | N181: =IF(COUNT(E181:I181)<5,"",IF(SUMPRODUCT(--(ABS(E181:I181-'L3 Answers'!E181:I181)<=0.005*ABS('L3 Answers'!E181:I181)+0.001))=5,"✓","✗"))
B183: IN EXCEL | C183: In the first φ cell type the cell equation divided by aP: =(aW·φ_left + aE·φ_right + Su)/aP, clicking on the coefficients in the SAME column of the table above and on the φ cells either side. Drag it across. Excel sweeps through the cells again and again until nothing changes (iterative calculation must be on).
B185: Solved mesh | D185: φ_A | E185: Cell 1 | F185: Cell 2 | G185: Cell 3 | H185: Cell 4 | I185: Cell 5 | J185: φ_B
B186: φ | D186: =$G$41 -> 100 | J186: =$G$42 -> 20 | N186: =IF(COUNT(E186:I186)<5,"",IF(SUMPRODUCT(--(ABS(E186:I186-'L3 Answers'!E186:I186)<=0.005*ABS('L3 Answers'!E186:I186)+0.001))=5,"✓","✗"))
B187: x (m) | D187: =0 -> 0 | E187: =E181 -> 0 | F187: =F181 -> 0 | G187: =G181 -> 0 | H187: =H181 -> 0 | I187: =I181 -> 0 | J187: =$G$38 -> 1
B189: Cell | E189: 1 | F189: 2 | G189: 3 | H189: 4 | I189: 5
B190: Exact φ | N190: =IF(COUNT(E190:I190)<5,"",IF(SUMPRODUCT(--(ABS(E190:I190-'L3 Answers'!E190:I190)<=0.005*ABS('L3 Answers'!E190:I190)+0.001))=5,"✓","✗"))
B210: φ in cell 3 | N210: =IF(K210="","",IF(ISNUMBER(K210),IF(ABS(K210-'L3 Answers'!K210)<=MAX(0.005*ABS('L3 Answers'!K210),0.001),"✓","✗"),"✗"))
B211: Hint: Read your solved mesh.
B213: Flux through the domain Γ(φ_A − φ_B)/L | N213: =IF(K213="","",IF(ISNUMBER(K213),IF(ABS(K213-'L3 Answers'!K213)<=MAX(0.005*ABS('L3 Answers'!K213),0.001),"✓","✗"),"✗"))
B214: Hint: Γ × (100 − 20)/1.
B216: Flux from the cells 2D(φ_A − φ₁) | N216: =IF(K216="","",IF(ISNUMBER(K216),IF(ABS(K216-'L3 Answers'!K216)<=MAX(0.005*ABS('L3 Answers'!K216),0.001),"✓","✗"),"✗"))
B217: Hint: The first centre is half a cell from the wall: conductance 2D.
B219: The finite volume answer is exact here because ______. | N219: =IF(K219="","",IF(TRIM(K219)='L3 Answers'!K219,"✓","✗"))
B221: TAKE AWAY | C221: Integrate → faces → approximate → collect: a_P φ_P = a_W φ_W + a_E φ_E with D = Γ/Δx. One equation per cell, solved together (by hand for 2 cells, by Excel for many).
B223: RECAP | C223: ▸ Four steps: integrate over a cell → face fluxes → approximate the slopes → collect coefficients. ▸ Interior cell: a_W = a_E = D = Γ/Δx, a_P = a_W + a_E. ▸ One equation per cell; they are solved together (substitution, iteration or a matrix). ▸ Pure diffusion between two fixed values gives a straight line, which the FVM reproduces exactly.
B225: NEXT UP | C225: Lesson 4: what changes in a cell that touches the boundary.
B229: CFD by Hand · Learn CFD one cell at a time · linktr.ee/cfdbyhand

Sheet L3 Answers
B2: LESSON 3 · 1D DIFFUSION, INTERIOR CELLS · ANSWERS | L2: PROGRESS
B3: Your first finite volume solution | L3: =COUNTIF($N$5:$N$232,"✓")&" / 18" -> 18 / 18
B4: Every blank is already filled in on this sheet, with the formula that produces it. Use it to check your Learn sheet. | L4: @CFDbyHand
B6: IN THIS LESSON | C6: By the end of this lesson you will be able to: ▸ integrate the 1D diffusion equation over one cell ▸ replace face slopes with centre values ▸ collect the result into a_P φ_P = a_W φ_W + a_E φ_E ▸ solve 2 cells by hand and 5 cells in Excel
B8: BEFORE YOU START | C8: Lessons 0 to 2. About 10 to 20 minutes (a rough guide).
B10: How to use this sheet: read each box from top to bottom like the page of a book. Cream boxes are for you to fill. Type a number, or better a formula that clicks on the blue input cells. A green tick means you are right (within 0.5%), a red cross means look again at the step just above. Stuck? The Answers tab has the same layout, so the answer sits in the same cell there.
B20: THE RECIPE | C20: Every lesson from here on follows these five steps. Keep this strip in mind: whenever a new effect is added (a boundary, a source, a second dimension, a flow), only step 3 or step 4 changes a little.
B23: 1 | C23: The equation
B25: Diffusion is the spreading of φ from high to low, with a flux J = −Γ dφ/dx (the minus sign: φ flows downhill). In steady state nothing piles up anywhere, so the flux is the same at every point: dJ/dx = 0, which is the equation above.
B26: New word | E26: What it means
B27: Γ (gamma) | E27: Diffusion coefficient: large Γ means φ spreads easily.
B28: Dirichlet boundary | E28: A boundary where the value of φ is fixed.
B29: Discretise | E29: Turn a differential equation into algebraic equations, one per cell.
B31: The simplest useful equation in the method is steady diffusion: φ spreads from high to low with no source. Γ is the diffusion coefficient. (It is heat conduction if φ is temperature, but here we keep it general.)
B37: Given | F37: Symbol | G37: Value | I37: Unit
B38: Domain length | F38: L | G38: 1
B39: Number of cells | F39: n | G39: 5
B40: Diffusion coefficient | F40: Γ | G40: 2
B41: Left boundary value | F41: φ_A | G41: 100
B42: Right boundary value | F42: φ_B | G42: 20
B44: 2 | C44: Step 1: integrate over cell P
B46: Follow Lesson 1 exactly: the thing inside the integral is a derivative (of Γ dφ/dx), so the integral is its value on the east face minus its value on the west face. No approximation yet: this line is exact.
B52: Lesson 1: integrating a derivative leaves only the faces. "Diffusive flux out of the east face minus flux in at the west face is zero".
B54: 3 | C54: Step 2: approximate the faces (Lesson 2)
B56: Now approximate the two slopes with Lesson 2’s centre-to-centre formula. This is the only approximation in the method.
B74: HOW TO READ THIS DIAGRAM | C74: The diffusive flux always runs from high to low. Through the west face it is D_w(φ_W − φ_P): positive if W is higher than P, so φ flows INTO P. Through the east face it is D_e(φ_P − φ_E): positive if P is higher than E, so φ flows OUT of P. In steady state what comes in must go out, which is exactly the cell equation.
B77: 4 | C77: Step 3: collect φ_P
B79: Multiply out and put all φ_P terms on the left. Every interior cell gives the same pattern, with coefficients called a_W, a_E (the neighbours) and a_P (the cell itself).
B80: WORKED EXAMPLE | C80: Γ = 2, Δx = 0.2 → D = 10. 10(φ_E − φ_P) − 10(φ_P − φ_W) = 0 ⇒ 20 φ_P = 10 φ_W + 10 φ_E ⇒ φ_P = (φ_W + φ_E)/2
B82: PAUSE AND THINK | C82: Each cell is simply the average of its neighbours. That is exactly what a straight line looks like, and the exact answer to this problem is a straight line from φ_A to φ_B.
B89: Δx | K89: =$G$38/$G$39 -> 0.2 | N89: =IF(K89="","",IF(ISNUMBER(K89),IF(ABS(K89-'L3 Answers'!K89)<=MAX(0.005*ABS('L3 Answers'!K89),0.001),"✓","✗"),"✗")) -> ✓
B91: D = Γ/Δx | K91: =$G$40/$K$89 -> 10 | N91: =IF(K91="","",IF(ISNUMBER(K91),IF(ABS(K91-'L3 Answers'!K91)<=MAX(0.005*ABS('L3 Answers'!K91),0.001),"✓","✗"),"✗")) -> ✓
B92: Hint: 2/0.2.
B94: Interior a_P | K94: =2*$K$91 -> 20 | N94: =IF(K94="","",IF(ISNUMBER(K94),IF(ABS(K94-'L3 Answers'!K94)<=MAX(0.005*ABS('L3 Answers'!K94),0.001),"✓","✗"),"✗")) -> ✓
B95: Hint: a_W + a_E = 2D.
B97: An interior φ_P is the ______ of φ_W and φ_E. | K97: average | N97: =IF(K97="","",IF(TRIM(K97)='L3 Answers'!K97,"✓","✗")) -> ✓
B110: HOW TO READ THIS DIAGRAM | C110: The same mesh drawn as an electric circuit. Each cell centre is a junction, the value φ is the voltage and the flux is the current. Between two centres the "resistance" is δx/Γ = 1/D. The two end links only span half a cell, so their resistance is halved and their conductance doubled: 2D. You will see this 2D in every boundary cell.
B113: 5 | C113: A two cell problem by hand
B115: With only two cells you can solve the equations by substitution, which shows what "solving the system" really means: every equation must hold at the same time.
B128: HOW TO READ THIS DIAGRAM | C128: The two cell problem drawn to scale. Each centre is half a cell (0.25) from its wall, so those links have conductance 2D = 8. The two centres are a whole cell (0.5) apart, so that link has conductance D = 4. Cell 1 feels the left wall through 8 and its neighbour through 4; cell 2 the same on the other side.
B130: Before Excel, solve the smallest possible problem completely by hand: the same domain with just 2 cells (Δx = 0.5, D = 4). Each cell touches one boundary, half a cell away, which gives a conductance 2D (Lesson 4 explains this in detail):
B134: φ₂ (substitute cell 1 into cell 2) | K134: =40 -> 40 | N134: =IF(K134="","",IF(ISNUMBER(K134),IF(ABS(K134-'L3 Answers'!K134)<=MAX(0.005*ABS('L3 Answers'!K134),0.001),"✓","✗"),"✗")) -> ✓
B135: Hint: φ₁ = (4φ₂ + 800)/12; put it into 12φ₂ = 4φ₁ + 160.
B137: φ₁ | K137: =(4*40+800)/12 -> 80 | N137: =IF(K137="","",IF(ISNUMBER(K137),IF(ABS(K137-'L3 Answers'!K137)<=MAX(0.005*ABS('L3 Answers'!K137),0.001),"✓","✗"),"✗")) -> ✓
B138: Hint: Use cell 1 with φ₂ = 40.
B140: BY HAND | C140: Show the substitution.
B141: Model answer:
B142: φ₁ = (4φ₂ + 800)/12. Into cell 2: 12φ₂ = 4(4φ₂ + 800)/12 + 160 ⇒ 144φ₂ = 16φ₂ + 3200 + 1920 ⇒ φ₂ = 40, φ₁ = 80.
B144: PEN AND PAPER | C144: Do the 2 cell problem on paper before typing anything: write both equations, rearrange cell 1 for φ₁, substitute into cell 2. Check φ₁ = 80, φ₂ = 40 lie on the straight line from 100 to 20 at x = 0.25 and 0.75.
B147: 6 | C147: Five cells in Excel
B149: Five cells are tedious by hand, so Excel does the solving. Fill the coefficient table first (the boundary cells use Lesson 4’s rule, already shown here as 2D φ_A in S_u), then write φ_P = (a_W φ_W + a_E φ_E + S_u)/a_P in each cell.
B150: IN EXCEL | C150: Turn on iterative calculation first (File → Options → Formulas → Enable iterative calculation, 1000 iterations, max change 0.0001). Your formulas point at each other, and Excel needs permission to go round the loop until the numbers settle.
B164: HOW TO READ THIS DIAGRAM | C164: How the mesh sits in the sheet: one column per cell, with the boundary values in the coloured cells at each end. Under each cell its four coefficients sit in the same column (rows 5 to 8 here), so the φ formula in a cell only has to point left, right and up. Write it once, drag it across, and every cell gets the right equation.
B166: Cell | E166: 1 | F166: 2 | G166: 3 | H166: 4 | I166: 5
B167: aW | E167: =0 -> 0 | F167: =$K$91 -> 10 | G167: =$K$91 -> 10 | H167: =$K$91 -> 10 | I167: =$K$91 -> 10 | N167: =IF(COUNT(E167:I167)<5,"",IF(SUMPRODUCT(--(ABS(E167:I167-'L3 Answers'!E167:I167)<=0.005*ABS('L3 Answers'!E167:I167)+0.001))=5,"✓","✗")) -> ✓
B168: aE | E168: =$K$91 -> 10 | F168: =$K$91 -> 10 | G168: =$K$91 -> 10 | H168: =$K$91 -> 10 | I168: =0 -> 0 | N168: =IF(COUNT(E168:I168)<5,"",IF(SUMPRODUCT(--(ABS(E168:I168-'L3 Answers'!E168:I168)<=0.005*ABS('L3 Answers'!E168:I168)+0.001))=5,"✓","✗")) -> ✓
B169: Su | E169: =2*$K$91*$G$41 -> 2000 | F169: =0 -> 0 | G169: =0 -> 0 | H169: =0 -> 0 | I169: =2*$K$91*$G$42 -> 400 | N169: =IF(COUNT(E169:I169)<5,"",IF(SUMPRODUCT(--(ABS(E169:I169-'L3 Answers'!E169:I169)<=0.005*ABS('L3 Answers'!E169:I169)+0.001))=5,"✓","✗")) -> ✓
B170: Sp | E170: =-2*$K$91 -> -20 | F170: =0 -> 0 | G170: =0 -> 0 | H170: =0 -> 0 | I170: =-2*$K$91 -> -20 | N170: =IF(COUNT(E170:I170)<5,"",IF(SUMPRODUCT(--(ABS(E170:I170-'L3 Answers'!E170:I170)<=0.005*ABS('L3 Answers'!E170:I170)+0.001))=5,"✓","✗")) -> ✓
B171: aP = aW + aE − Sp | E171: =E167+E168-E170 -> 30 | F171: =F167+F168-F170 -> 20 | G171: =G167+G168-G170 -> 20 | H171: =H167+H168-H170 -> 20 | I171: =I167+I168-I170 -> 30 | N171: =IF(COUNT(E171:I171)<5,"",IF(SUMPRODUCT(--(ABS(E171:I171-'L3 Answers'!E171:I171)<=0.005*ABS('L3 Answers'!E171:I171)+0.001))=5,"✓","✗")) -> ✓
B173: Your equations, written out by Excel from the table above:
B174: Cell 1 | C174: =IF(COUNT(E167,E168,E169,E170,E171)<5,"(fill cell 1 in the table to see its equation)",ROUND(E171,4)&" φ₁ = "&ROUND(E168,4)&" φ₂"&IF(ROUND(E169,6)=0,""," + "&ROUND(E169,4))) -> 30 φ₁ = 10 φ₂ + 2000
B175: Cell 2 | C175: =IF(COUNT(F167,F168,F169,F170,F171)<5,"(fill cell 2 in the table to see its equation)",ROUND(F171,4)&" φ₂ = "&ROUND(F167,4)&" φ₁"&" + "&ROUND(F168,4)&" φ₃"&IF(ROUND(F169,6)=0,""," + "&ROUND(F169,4))) -> 20 φ₂ = 10 φ₁ + 10 φ₃
B176: Cell 3 | C176: =IF(COUNT(G167,G168,G169,G170,G171)<5,"(fill cell 3 in the table to see its equation)",ROUND(G171,4)&" φ₃ = "&ROUND(G167,4)&" φ₂"&" + "&ROUND(G168,4)&" φ₄"&IF(ROUND(G169,6)=0,""," + "&ROUND(G169,4))) -> 20 φ₃ = 10 φ₂ + 10 φ₄
B177: Cell 4 | C177: =IF(COUNT(H167,H168,H169,H170,H171)<5,"(fill cell 4 in the table to see its equation)",ROUND(H171,4)&" φ₄ = "&ROUND(H167,4)&" φ₃"&" + "&ROUND(H168,4)&" φ₅"&IF(ROUND(H169,6)=0,""," + "&ROUND(H169,4))) -> 20 φ₄ = 10 φ₃ + 10 φ₅
B178: Cell 5 | C178: =IF(COUNT(I167,I168,I169,I170,I171)<5,"(fill cell 5 in the table to see its equation)",ROUND(I171,4)&" φ₅ = "&ROUND(I167,4)&" φ₄"&IF(ROUND(I169,6)=0,""," + "&ROUND(I169,4))) -> 30 φ₅ = 10 φ₄ + 400
B180: Your mesh | D180: A | E180: Cell 1 | F180: Cell 2 | G180: Cell 3 | H180: Cell 4 | I180: Cell 5 | J180: B
B181: x_P (m) | D181: =0 -> 0 | E181: =(0+0.5)*$K$89 -> 0.1 | F181: =(1+0.5)*$K$89 -> 0.3 | G181: =(2+0.5)*$K$89 -> 0.5 | H181: =(3+0.5)*$K$89 -> 0.7 | I181: =(4+0.5)*$K$89 -> 0.9 | J181: =$G$38 -> 1 | N181: =IF(COUNT(E181:I181)<5,"",IF(SUMPRODUCT(--(ABS(E181:I181-'L3 Answers'!E181:I181)<=0.005*ABS('L3 Answers'!E181:I181)+0.001))=5,"✓","✗")) -> ✓
B183: IN EXCEL | C183: In the first φ cell type the cell equation divided by aP: =(aW·φ_left + aE·φ_right + Su)/aP, clicking on the coefficients in the SAME column of the table above and on the φ cells either side. Drag it across. Excel sweeps through the cells again and again until nothing changes (iterative calculation must be on).
B185: Solved mesh | D185: φ_A | E185: Cell 1 | F185: Cell 2 | G185: Cell 3 | H185: Cell 4 | I185: Cell 5 | J185: φ_B
B186: φ | D186: =$G$41 -> 100 | E186: =(E167*D186+E168*F186+E169)/E171 -> 92 | F186: =(F167*E186+F168*G186+F169)/F171 -> 76 | G186: =(G167*F186+G168*H186+G169)/G171 -> 60 | H186: =(H167*G186+H168*I186+H169)/H171 -> 44 | I186: =(I167*H186+I168*J186+I169)/I171 -> 28 | J186: =$G$42 -> 20 | N186: =IF(COUNT(E186:I186)<5,"",IF(SUMPRODUCT(--(ABS(E186:I186-'L3 Answers'!E186:I186)<=0.005*ABS('L3 Answers'!E186:I186)+0.001))=5,"✓","✗")) -> ✓
B187: x (m) | D187: =0 -> 0 | E187: =E181 -> 0.1 | F187: =F181 -> 0.3 | G187: =G181 -> 0.5 | H187: =H181 -> 0.7 | I187: =I181 -> 0.9 | J187: =$G$38 -> 1
B189: Cell | E189: 1 | F189: 2 | G189: 3 | H189: 4 | I189: 5
B190: Exact φ | E190: =$G$41+($G$42-$G$41)*E181/$G$38 -> 92 | F190: =$G$41+($G$42-$G$41)*F181/$G$38 -> 76 | G190: =$G$41+($G$42-$G$41)*G181/$G$38 -> 60 | H190: =$G$41+($G$42-$G$41)*H181/$G$38 -> 44 | I190: =$G$41+($G$42-$G$41)*I181/$G$38 -> 28 | N190: =IF(COUNT(E190:I190)<5,"",IF(SUMPRODUCT(--(ABS(E190:I190-'L3 Answers'!E190:I190)<=0.005*ABS('L3 Answers'!E190:I190)+0.001))=5,"✓","✗")) -> ✓
B210: φ in cell 3 | K210: =$G$186 -> 60 | N210: =IF(K210="","",IF(ISNUMBER(K210),IF(ABS(K210-'L3 Answers'!K210)<=MAX(0.005*ABS('L3 Answers'!K210),0.001),"✓","✗"),"✗")) -> ✓
B211: Hint: Read your solved mesh.
B213: Flux through the domain Γ(φ_A − φ_B)/L | K213: =$G$40*($G$41-$G$42)/$G$38 -> 160 | N213: =IF(K213="","",IF(ISNUMBER(K213),IF(ABS(K213-'L3 Answers'!K213)<=MAX(0.005*ABS('L3 Answers'!K213),0.001),"✓","✗"),"✗")) -> ✓
B214: Hint: Γ × (100 − 20)/1.
B216: Flux from the cells 2D(φ_A − φ₁) | K216: =2*$K$91*($G$41-$E$186) -> 160 | N216: =IF(K216="","",IF(ISNUMBER(K216),IF(ABS(K216-'L3 Answers'!K216)<=MAX(0.005*ABS('L3 Answers'!K216),0.001),"✓","✗"),"✗")) -> ✓
B217: Hint: The first centre is half a cell from the wall: conductance 2D.
B219: The finite volume answer is exact here because ______. | K219: the exact profile is a straight line | N219: =IF(K219="","",IF(TRIM(K219)='L3 Answers'!K219,"✓","✗")) -> ✓
B221: TAKE AWAY | C221: Integrate → faces → approximate → collect: a_P φ_P = a_W φ_W + a_E φ_E with D = Γ/Δx. One equation per cell, solved together (by hand for 2 cells, by Excel for many).
B223: RECAP | C223: ▸ Four steps: integrate over a cell → face fluxes → approximate the slopes → collect coefficients. ▸ Interior cell: a_W = a_E = D = Γ/Δx, a_P = a_W + a_E. ▸ One equation per cell; they are solved together (substitution, iteration or a matrix). ▸ Pure diffusion between two fixed values gives a straight line, which the FVM reproduces exactly.
B225: NEXT UP | C225: Lesson 4: what changes in a cell that touches the boundary.
B229: CFD by Hand · Learn CFD one cell at a time · linktr.ee/cfdbyhand

Sheet L4 Learn
B2: LESSON 4 · FIXED VALUE, FLUX, ZERO GRADIENT AND MIXED BOUNDARIES · LEARN | L2: PROGRESS
B3: Boundary cells | L3: =COUNTIF($N$5:$N$171,"✓")&" / 25" -> 0 / 25
B4: Work down the sheet. Fill each cream box; a ✓ appears when it is right. | L4: @CFDbyHand
B6: IN THIS LESSON | C6: By the end of this lesson you will be able to: ▸ explain why boundary cells need different equations ▸ derive S_u and S_p for a fixed value, a known flux, zero gradient and a mixed boundary ▸ put boundary cells into Excel and check the answers
B8: BEFORE YOU START | C8: Lesson 3. About 10 to 20 minutes (a rough guide). This is one of the most important lessons in the pack.
B10: How to use this sheet: read each box from top to bottom like the page of a book. Cream boxes are for you to fill. Type a number, or better a formula that clicks on the blue input cells. A green tick means you are right (within 0.5%), a red cross means look again at the step just above. Stuck? The Answers tab has the same layout, so the answer sits in the same cell there.
B12: 1 | C12: What is different about a boundary cell?
B14: An interior cell has a neighbour on both sides. A boundary cell has a neighbour on one side and the edge of the domain on the other. There is no φ_W to use. Instead the boundary condition tells us what happens at that face.
B15: IN PLAIN WORDS | C15: Trick used by every FVM code: keep the SAME equation for every cell, a_P φ_P = a_W φ_W + a_E φ_E + S_u with a_P = a_W + a_E − S_p. For a boundary cell set the missing neighbour coefficient to zero and put the boundary’s effect into S_u (a constant) and S_p (multiplies φ_P). Then one Excel formula works everywhere.
B27: A boundary cell has a face on the edge of the domain instead of a neighbour. Write its balance exactly as before, but the boundary face flux comes from the boundary condition instead of a neighbour. To keep one form for every cell we put the boundary’s contribution into two extra numbers: S_u (a fixed amount added) and S_p (an amount × φ_P, always ≤ 0).
B32: 2 | C32: Fixed value (Dirichlet)
B34: WORKED EXAMPLE | C34: Γ = 2, Δx = 0.2 (D = 10), φ_A = 100. West face of cell 1: Γ(φ₁ − 100)/(0.1) = 20(φ₁ − 100). Balance: 10(φ₂ − φ₁) − 20(φ₁ − 100) = 0 ⇒ 30 φ₁ = 10 φ₂ + 2000 ⇒ a_W = 0, a_E = 10, S_u = 2000, S_p = −20, a_P = 30.
B48: HOW TO READ THIS DIAGRAM | C48: The wall value is known and sits on the boundary face, half a cell from P. Half the distance means twice the conductance: 2D instead of D. So the boundary acts like a neighbour with value φ_A and weight 2D. That is the whole fixed value rule: S_u = 2Dφ_A and S_p = −2D.
B55: KEY IDEA | C55: The 2 comes from the half cell distance. This "2D rule" is the most important boundary modification in the method.
B57: COMMON MISTAKE | C57: Writing D(φ₁ − φ_A) at the boundary. The wall is only Δx/2 away, so its conductance is 2D. Using D makes the boundary look twice as far away and shifts every value in the domain.
B60: 3 | C60: Known flux (Neumann) and zero gradient
B62: A flux boundary is easier: if q (amount per second per unit area) crosses the face, that is the face flux. No slope is needed and no φ_P appears, so only S_u changes. Sign rule: flux INTO the cell adds to S_u.
B63: PICTURE IT | C63: Zero gradient means "nothing crosses this face": an insulated wall, a line of symmetry, or (in Lesson 10) an outlet where we let φ leave with the flow. The face simply drops out of the balance.
B65: If we know the flux q crossing the boundary face (amount per unit area per second), we do not need a slope at all: the boundary face contributes q·A directly. Flux INTO the domain goes in S_u as +q; flux leaving as −q. S_p = 0. A zero gradient (insulated, symmetry) boundary is the special case q = 0: the face simply contributes nothing.
B67: 4 | C67: Example A: fixed left, known flux leaving on the right
B69: Here the left boundary is fixed and a flux q_B = 50 leaves through the right face. With no source, the same flux passes through every face, so φ falls by qΔx/Γ from cell to cell.
B70: Given | F70: Symbol | G70: Value | I70: Unit
B71: Domain length | F71: L | G71: 1
B72: Number of cells | F72: n | G72: 5
B73: Diffusion coefficient | F73: Γ | G73: 2
B74: Left boundary value | F74: φ_A | G74: 100
B75: Flux leaving through the right face | F75: q_B | G75: 50
B76: Δx | N76: =IF(K76="","",IF(ISNUMBER(K76),IF(ABS(K76-'L4 Answers'!K76)<=MAX(0.005*ABS('L4 Answers'!K76),0.001),"✓","✗"),"✗"))
B78: D | N78: =IF(K78="","",IF(ISNUMBER(K78),IF(ABS(K78-'L4 Answers'!K78)<=MAX(0.005*ABS('L4 Answers'!K78),0.001),"✓","✗"),"✗"))
B80: Cell 1: S_u | N80: =IF(K80="","",IF(ISNUMBER(K80),IF(ABS(K80-'L4 Answers'!K80)<=MAX(0.005*ABS('L4 Answers'!K80),0.001),"✓","✗"),"✗"))
B81: Hint: 2D × φ_A = 2 × 10 × 100.
B83: Cell 5: S_u (flux leaving, so negative) | N83: =IF(K83="","",IF(ISNUMBER(K83),IF(ABS(K83-'L4 Answers'!K83)<=MAX(0.005*ABS('L4 Answers'!K83),0.001),"✓","✗"),"✗"))
B84: Hint: Flux leaving is negative: −q_B.
B86: Cell 5: a_P | N86: =IF(K86="","",IF(ISNUMBER(K86),IF(ABS(K86-'L4 Answers'!K86)<=MAX(0.005*ABS('L4 Answers'!K86),0.001),"✓","✗"),"✗"))
B87: Hint: Only a_W = D remains; S_p = 0.
B89: Cell | E89: 1 | F89: 2 | G89: 3 | H89: 4 | I89: 5
B90: aW | N90: =IF(COUNT(E90:I90)<5,"",IF(SUMPRODUCT(--(ABS(E90:I90-'L4 Answers'!E90:I90)<=0.005*ABS('L4 Answers'!E90:I90)+0.001))=5,"✓","✗"))
B91: aE | N91: =IF(COUNT(E91:I91)<5,"",IF(SUMPRODUCT(--(ABS(E91:I91-'L4 Answers'!E91:I91)<=0.005*ABS('L4 Answers'!E91:I91)+0.001))=5,"✓","✗"))
B92: Su | N92: =IF(COUNT(E92:I92)<5,"",IF(SUMPRODUCT(--(ABS(E92:I92-'L4 Answers'!E92:I92)<=0.005*ABS('L4 Answers'!E92:I92)+0.001))=5,"✓","✗"))
B93: Sp | N93: =IF(COUNT(E93:I93)<5,"",IF(SUMPRODUCT(--(ABS(E93:I93-'L4 Answers'!E93:I93)<=0.005*ABS('L4 Answers'!E93:I93)+0.001))=5,"✓","✗"))
B94: aP = aW + aE − Sp | N94: =IF(COUNT(E94:I94)<5,"",IF(SUMPRODUCT(--(ABS(E94:I94-'L4 Answers'!E94:I94)<=0.005*ABS('L4 Answers'!E94:I94)+0.001))=5,"✓","✗"))
B96: Your mesh | D96: A | E96: Cell 1 | F96: Cell 2 | G96: Cell 3 | H96: Cell 4 | I96: Cell 5 | J96: B
B97: x_P (m) | D97: =0 -> 0 | J97: =$G$71 -> 1 | N97: =IF(COUNT(E97:I97)<5,"",IF(SUMPRODUCT(--(ABS(E97:I97-'L4 Answers'!E97:I97)<=0.005*ABS('L4 Answers'!E97:I97)+0.001))=5,"✓","✗"))
B99: Solved mesh | D99: φ_A | E99: Cell 1 | F99: Cell 2 | G99: Cell 3 | H99: Cell 4 | I99: Cell 5 | J99: q_B out
B100: φ | D100: =$G$74 -> 100 | J100: =$G$75 -> 50 | N100: =IF(COUNT(E100:I100)<5,"",IF(SUMPRODUCT(--(ABS(E100:I100-'L4 Answers'!E100:I100)<=0.005*ABS('L4 Answers'!E100:I100)+0.001))=5,"✓","✗"))
B101: x (m) | D101: =0 -> 0 | E101: =E97 -> 0 | F101: =F97 -> 0 | G101: =G97 -> 0 | H101: =H97 -> 0 | I101: =I97 -> 0 | J101: =$G$71 -> 1
B103: φ in cell 1 | N103: =IF(K103="","",IF(ISNUMBER(K103),IF(ABS(K103-'L4 Answers'!K103)<=MAX(0.005*ABS('L4 Answers'!K103),0.001),"✓","✗"),"✗"))
B105: φ in cell 5 | N105: =IF(K105="","",IF(ISNUMBER(K105),IF(ABS(K105-'L4 Answers'!K105)<=MAX(0.005*ABS('L4 Answers'!K105),0.001),"✓","✗"),"✗"))
B107: Each cell is lower than the last by ______. | N107: =IF(K107="","",IF(TRIM(K107)='L4 Answers'!K107,"✓","✗"))
B108: Hint: The same flux 50 crosses every face: drop = qΔx/Γ.
B111: 5 | C111: Mixed boundary (Robin)
B113: A Robin (mixed) condition links the boundary flux to the boundary value. The flux has to cross two "resistances" in series: the half cell inside (Δx/2)/Γ and the film outside 1/h. Combine them into one conductance h_c.
B114: WORKED EXAMPLE | C114: h = 5, Δx/2 = 0.1, Γ = 2: h_c = 1/(1/5 + 0.1/2) = 1/0.25 = 4. Cell 5: (10 + 4) φ₅ = 10 φ₄ + 4 × 20 ⇒ S_u = 80, S_p = −4.
B128: HOW TO READ THIS DIAGRAM | C128: A mixed boundary is a path with two resistances in series between the cell centre and the outside: the half cell inside the material, (Δx/2)/Γ, and the thin film outside, 1/h. Add them, turn the total back into a conductance h_c, and the boundary behaves like a neighbour with value φ_∞ and weight h_c.
B130: Sometimes the boundary face flux depends on the boundary value: q = h(φ_B − φ_∞), like heat leaving into air. Combine the half cell and the face "film" as two resistances in series: h_c = 1/(1/h + (Δx/2)/Γ). Then S_u = h_c φ_∞, S_p = −h_c.
B131: Example B: Robin on the right | F131: Symbol | G131: Value | I131: Unit
B132: Film coefficient | F132: h | G132: 5
B133: Outside value | F133: φ_∞ | G133: 20
B134: h_c | N134: =IF(K134="","",IF(ISNUMBER(K134),IF(ABS(K134-'L4 Answers'!K134)<=MAX(0.005*ABS('L4 Answers'!K134),0.001),"✓","✗"),"✗"))
B135: Hint: 1/(1/5 + 0.1/2).
B137: Cell | E137: 1 | F137: 2 | G137: 3 | H137: 4 | I137: 5
B138: aW | N138: =IF(COUNT(E138:I138)<5,"",IF(SUMPRODUCT(--(ABS(E138:I138-'L4 Answers'!E138:I138)<=0.005*ABS('L4 Answers'!E138:I138)+0.001))=5,"✓","✗"))
B139: aE | N139: =IF(COUNT(E139:I139)<5,"",IF(SUMPRODUCT(--(ABS(E139:I139-'L4 Answers'!E139:I139)<=0.005*ABS('L4 Answers'!E139:I139)+0.001))=5,"✓","✗"))
B140: Su | N140: =IF(COUNT(E140:I140)<5,"",IF(SUMPRODUCT(--(ABS(E140:I140-'L4 Answers'!E140:I140)<=0.005*ABS('L4 Answers'!E140:I140)+0.001))=5,"✓","✗"))
B141: Sp | N141: =IF(COUNT(E141:I141)<5,"",IF(SUMPRODUCT(--(ABS(E141:I141-'L4 Answers'!E141:I141)<=0.005*ABS('L4 Answers'!E141:I141)+0.001))=5,"✓","✗"))
B142: aP = aW + aE − Sp | N142: =IF(COUNT(E142:I142)<5,"",IF(SUMPRODUCT(--(ABS(E142:I142-'L4 Answers'!E142:I142)<=0.005*ABS('L4 Answers'!E142:I142)+0.001))=5,"✓","✗"))
B144: Solved mesh B | D144: φ_A | E144: Cell 1 | F144: Cell 2 | G144: Cell 3 | H144: Cell 4 | I144: Cell 5 | J144: φ_∞
B145: φ | D145: =$G$74 -> 100 | J145: =$G$133 -> 20 | N145: =IF(COUNT(E145:I145)<5,"",IF(SUMPRODUCT(--(ABS(E145:I145-'L4 Answers'!E145:I145)<=0.005*ABS('L4 Answers'!E145:I145)+0.001))=5,"✓","✗"))
B146: x (m) | D146: =0 -> 0 | E146: =E97 -> 0 | F146: =F97 -> 0 | G146: =G97 -> 0 | H146: =H97 -> 0 | I146: =I97 -> 0 | J146: =$G$71 -> 1
B148: φ in cell 5 (example B) | N148: =IF(K148="","",IF(ISNUMBER(K148),IF(ABS(K148-'L4 Answers'!K148)<=MAX(0.005*ABS('L4 Answers'!K148),0.001),"✓","✗"),"✗"))
B150: Value on the boundary face itself φ₅ − q (Δx/2)/Γ, with q = h_c(φ₅ − φ_∞) | N150: =IF(K150="","",IF(ISNUMBER(K150),IF(ABS(K150-'L4 Answers'!K150)<=MAX(0.005*ABS('L4 Answers'!K150),0.001),"✓","✗"),"✗"))
B151: Hint: 1/(1/5 + 0.1/2).
B153: If h becomes enormous, the Robin boundary becomes ______. | N153: =IF(K153="","",IF(TRIM(K153)='L4 Answers'!K153,"✓","✗"))
B154: Hint: 1/h → 0 leaves h_c = Γ/(Δx/2) = 2D.
B156: BY HAND | C156: Derive the Robin S_u and S_p for cell 5 from its balance.
B157: ✎ Write it out on paper first. Then type your equation into the white box below (it is not marked; compare it with the Answers tab).
B160: TAKE AWAY | C160: Boundary cells: a_nb = 0 on the boundary side, and the boundary goes into S_u and S_p. Fixed value: 2Dφ_A and −2D. Flux: ±qA and 0. Zero gradient: nothing. Mixed: h_cφ_∞ and −h_c.
B162: RECAP | C162: ▸ Boundary cell: zero the missing a_nb and put the boundary into S_u and S_p. ▸ Fixed value: S_u = 2Dφ_b, S_p = −2D. ▸ Known flux in: S_u = qA, S_p = 0. Zero gradient: nothing. ▸ Mixed: S_u = h_cφ_∞, S_p = −h_c with h_c = 1/(1/h + (Δx/2)/Γ).
B164: NEXT UP | C164: Lesson 5: sources inside the cells, and what to do when the source depends on φ. (in the full FVM Foundations pack: cfdbyhand.gumroad.com/l/fvm-foundations)
B168: CFD by Hand · Learn CFD one cell at a time · linktr.ee/cfdbyhand

Sheet L4 Answers
B2: LESSON 4 · FIXED VALUE, FLUX, ZERO GRADIENT AND MIXED BOUNDARIES · ANSWERS | L2: PROGRESS
B3: Boundary cells | L3: =COUNTIF($N$5:$N$171,"✓")&" / 25" -> 25 / 25
B4: Every blank is already filled in on this sheet, with the formula that produces it. Use it to check your Learn sheet. | L4: @CFDbyHand
B6: IN THIS LESSON | C6: By the end of this lesson you will be able to: ▸ explain why boundary cells need different equations ▸ derive S_u and S_p for a fixed value, a known flux, zero gradient and a mixed boundary ▸ put boundary cells into Excel and check the answers
B8: BEFORE YOU START | C8: Lesson 3. About 10 to 20 minutes (a rough guide). This is one of the most important lessons in the pack.
B10: How to use this sheet: read each box from top to bottom like the page of a book. Cream boxes are for you to fill. Type a number, or better a formula that clicks on the blue input cells. A green tick means you are right (within 0.5%), a red cross means look again at the step just above. Stuck? The Answers tab has the same layout, so the answer sits in the same cell there.
B12: 1 | C12: What is different about a boundary cell?
B14: An interior cell has a neighbour on both sides. A boundary cell has a neighbour on one side and the edge of the domain on the other. There is no φ_W to use. Instead the boundary condition tells us what happens at that face.
B15: IN PLAIN WORDS | C15: Trick used by every FVM code: keep the SAME equation for every cell, a_P φ_P = a_W φ_W + a_E φ_E + S_u with a_P = a_W + a_E − S_p. For a boundary cell set the missing neighbour coefficient to zero and put the boundary’s effect into S_u (a constant) and S_p (multiplies φ_P). Then one Excel formula works everywhere.
B27: A boundary cell has a face on the edge of the domain instead of a neighbour. Write its balance exactly as before, but the boundary face flux comes from the boundary condition instead of a neighbour. To keep one form for every cell we put the boundary’s contribution into two extra numbers: S_u (a fixed amount added) and S_p (an amount × φ_P, always ≤ 0).
B32: 2 | C32: Fixed value (Dirichlet)
B34: WORKED EXAMPLE | C34: Γ = 2, Δx = 0.2 (D = 10), φ_A = 100. West face of cell 1: Γ(φ₁ − 100)/(0.1) = 20(φ₁ − 100). Balance: 10(φ₂ − φ₁) − 20(φ₁ − 100) = 0 ⇒ 30 φ₁ = 10 φ₂ + 2000 ⇒ a_W = 0, a_E = 10, S_u = 2000, S_p = −20, a_P = 30.
B48: HOW TO READ THIS DIAGRAM | C48: The wall value is known and sits on the boundary face, half a cell from P. Half the distance means twice the conductance: 2D instead of D. So the boundary acts like a neighbour with value φ_A and weight 2D. That is the whole fixed value rule: S_u = 2Dφ_A and S_p = −2D.
B55: KEY IDEA | C55: The 2 comes from the half cell distance. This "2D rule" is the most important boundary modification in the method.
B57: COMMON MISTAKE | C57: Writing D(φ₁ − φ_A) at the boundary. The wall is only Δx/2 away, so its conductance is 2D. Using D makes the boundary look twice as far away and shifts every value in the domain.
B60: 3 | C60: Known flux (Neumann) and zero gradient
B62: A flux boundary is easier: if q (amount per second per unit area) crosses the face, that is the face flux. No slope is needed and no φ_P appears, so only S_u changes. Sign rule: flux INTO the cell adds to S_u.
B63: PICTURE IT | C63: Zero gradient means "nothing crosses this face": an insulated wall, a line of symmetry, or (in Lesson 10) an outlet where we let φ leave with the flow. The face simply drops out of the balance.
B65: If we know the flux q crossing the boundary face (amount per unit area per second), we do not need a slope at all: the boundary face contributes q·A directly. Flux INTO the domain goes in S_u as +q; flux leaving as −q. S_p = 0. A zero gradient (insulated, symmetry) boundary is the special case q = 0: the face simply contributes nothing.
B67: 4 | C67: Example A: fixed left, known flux leaving on the right
B69: Here the left boundary is fixed and a flux q_B = 50 leaves through the right face. With no source, the same flux passes through every face, so φ falls by qΔx/Γ from cell to cell.
B70: Given | F70: Symbol | G70: Value | I70: Unit
B71: Domain length | F71: L | G71: 1
B72: Number of cells | F72: n | G72: 5
B73: Diffusion coefficient | F73: Γ | G73: 2
B74: Left boundary value | F74: φ_A | G74: 100
B75: Flux leaving through the right face | F75: q_B | G75: 50
B76: Δx | K76: =$G$71/$G$72 -> 0.2 | N76: =IF(K76="","",IF(ISNUMBER(K76),IF(ABS(K76-'L4 Answers'!K76)<=MAX(0.005*ABS('L4 Answers'!K76),0.001),"✓","✗"),"✗")) -> ✓
B78: D | K78: =$G$73/$K$76 -> 10 | N78: =IF(K78="","",IF(ISNUMBER(K78),IF(ABS(K78-'L4 Answers'!K78)<=MAX(0.005*ABS('L4 Answers'!K78),0.001),"✓","✗"),"✗")) -> ✓
B80: Cell 1: S_u | K80: =2*$K$78*$G$74 -> 2000 | N80: =IF(K80="","",IF(ISNUMBER(K80),IF(ABS(K80-'L4 Answers'!K80)<=MAX(0.005*ABS('L4 Answers'!K80),0.001),"✓","✗"),"✗")) -> ✓
B81: Hint: 2D × φ_A = 2 × 10 × 100.
B83: Cell 5: S_u (flux leaving, so negative) | K83: =-$G$75 -> -50 | N83: =IF(K83="","",IF(ISNUMBER(K83),IF(ABS(K83-'L4 Answers'!K83)<=MAX(0.005*ABS('L4 Answers'!K83),0.001),"✓","✗"),"✗")) -> ✓
B84: Hint: Flux leaving is negative: −q_B.
B86: Cell 5: a_P | K86: =$K$78 -> 10 | N86: =IF(K86="","",IF(ISNUMBER(K86),IF(ABS(K86-'L4 Answers'!K86)<=MAX(0.005*ABS('L4 Answers'!K86),0.001),"✓","✗"),"✗")) -> ✓
B87: Hint: Only a_W = D remains; S_p = 0.
B89: Cell | E89: 1 | F89: 2 | G89: 3 | H89: 4 | I89: 5
B90: aW | E90: =0 -> 0 | F90: =$K$78 -> 10 | G90: =$K$78 -> 10 | H90: =$K$78 -> 10 | I90: =$K$78 -> 10 | N90: =IF(COUNT(E90:I90)<5,"",IF(SUMPRODUCT(--(ABS(E90:I90-'L4 Answers'!E90:I90)<=0.005*ABS('L4 Answers'!E90:I90)+0.001))=5,"✓","✗")) -> ✓
B91: aE | E91: =$K$78 -> 10 | F91: =$K$78 -> 10 | G91: =$K$78 -> 10 | H91: =$K$78 -> 10 | I91: =0 -> 0 | N91: =IF(COUNT(E91:I91)<5,"",IF(SUMPRODUCT(--(ABS(E91:I91-'L4 Answers'!E91:I91)<=0.005*ABS('L4 Answers'!E91:I91)+0.001))=5,"✓","✗")) -> ✓
B92: Su | E92: =2*$K$78*$G$74 -> 2000 | F92: =0 -> 0 | G92: =0 -> 0 | H92: =0 -> 0 | I92: =-$G$75 -> -50 | N92: =IF(COUNT(E92:I92)<5,"",IF(SUMPRODUCT(--(ABS(E92:I92-'L4 Answers'!E92:I92)<=0.005*ABS('L4 Answers'!E92:I92)+0.001))=5,"✓","✗")) -> ✓
B93: Sp | E93: =-2*$K$78 -> -20 | F93: =0 -> 0 | G93: =0 -> 0 | H93: =0 -> 0 | I93: =0 -> 0 | N93: =IF(COUNT(E93:I93)<5,"",IF(SUMPRODUCT(--(ABS(E93:I93-'L4 Answers'!E93:I93)<=0.005*ABS('L4 Answers'!E93:I93)+0.001))=5,"✓","✗")) -> ✓
B94: aP = aW + aE − Sp | E94: =E90+E91-E93 -> 30 | F94: =F90+F91-F93 -> 20 | G94: =G90+G91-G93 -> 20 | H94: =H90+H91-H93 -> 20 | I94: =I90+I91-I93 -> 10 | N94: =IF(COUNT(E94:I94)<5,"",IF(SUMPRODUCT(--(ABS(E94:I94-'L4 Answers'!E94:I94)<=0.005*ABS('L4 Answers'!E94:I94)+0.001))=5,"✓","✗")) -> ✓
B96: Your mesh | D96: A | E96: Cell 1 | F96: Cell 2 | G96: Cell 3 | H96: Cell 4 | I96: Cell 5 | J96: B
B97: x_P (m) | D97: =0 -> 0 | E97: =(0+0.5)*$K$76 -> 0.1 | F97: =(1+0.5)*$K$76 -> 0.3 | G97: =(2+0.5)*$K$76 -> 0.5 | H97: =(3+0.5)*$K$76 -> 0.7 | I97: =(4+0.5)*$K$76 -> 0.9 | J97: =$G$71 -> 1 | N97: =IF(COUNT(E97:I97)<5,"",IF(SUMPRODUCT(--(ABS(E97:I97-'L4 Answers'!E97:I97)<=0.005*ABS('L4 Answers'!E97:I97)+0.001))=5,"✓","✗")) -> ✓
B99: Solved mesh | D99: φ_A | E99: Cell 1 | F99: Cell 2 | G99: Cell 3 | H99: Cell 4 | I99: Cell 5 | J99: q_B out
B100: φ | D100: =$G$74 -> 100 | E100: =(E90*D100+E91*F100+E92)/E94 -> 97.5 | F100: =(F90*E100+F91*G100+F92)/F94 -> 92.5 | G100: =(G90*F100+G91*H100+G92)/G94 -> 87.5 | H100: =(H90*G100+H91*I100+H92)/H94 -> 82.5 | I100: =(I90*H100+I91*J100+I92)/I94 -> 77.5 | J100: =$G$75 -> 50 | N100: =IF(COUNT(E100:I100)<5,"",IF(SUMPRODUCT(--(ABS(E100:I100-'L4 Answers'!E100:I100)<=0.005*ABS('L4 Answers'!E100:I100)+0.001))=5,"✓","✗")) -> ✓
B101: x (m) | D101: =0 -> 0 | E101: =E97 -> 0.1 | F101: =F97 -> 0.3 | G101: =G97 -> 0.5 | H101: =H97 -> 0.7 | I101: =I97 -> 0.9 | J101: =$G$71 -> 1
B103: φ in cell 1 | K103: =$E$100 -> 97.5 | N103: =IF(K103="","",IF(ISNUMBER(K103),IF(ABS(K103-'L4 Answers'!K103)<=MAX(0.005*ABS('L4 Answers'!K103),0.001),"✓","✗"),"✗")) -> ✓
B105: φ in cell 5 | K105: =$I$100 -> 77.5 | N105: =IF(K105="","",IF(ISNUMBER(K105),IF(ABS(K105-'L4 Answers'!K105)<=MAX(0.005*ABS('L4 Answers'!K105),0.001),"✓","✗"),"✗")) -> ✓
B107: Each cell is lower than the last by ______. | K107: q_B Δx/Γ = 5 | N107: =IF(K107="","",IF(TRIM(K107)='L4 Answers'!K107,"✓","✗")) -> ✓
B108: Hint: The same flux 50 crosses every face: drop = qΔx/Γ.
B111: 5 | C111: Mixed boundary (Robin)
B113: A Robin (mixed) condition links the boundary flux to the boundary value. The flux has to cross two "resistances" in series: the half cell inside (Δx/2)/Γ and the film outside 1/h. Combine them into one conductance h_c.
B114: WORKED EXAMPLE | C114: h = 5, Δx/2 = 0.1, Γ = 2: h_c = 1/(1/5 + 0.1/2) = 1/0.25 = 4. Cell 5: (10 + 4) φ₅ = 10 φ₄ + 4 × 20 ⇒ S_u = 80, S_p = −4.
B128: HOW TO READ THIS DIAGRAM | C128: A mixed boundary is a path with two resistances in series between the cell centre and the outside: the half cell inside the material, (Δx/2)/Γ, and the thin film outside, 1/h. Add them, turn the total back into a conductance h_c, and the boundary behaves like a neighbour with value φ_∞ and weight h_c.
B130: Sometimes the boundary face flux depends on the boundary value: q = h(φ_B − φ_∞), like heat leaving into air. Combine the half cell and the face "film" as two resistances in series: h_c = 1/(1/h + (Δx/2)/Γ). Then S_u = h_c φ_∞, S_p = −h_c.
B131: Example B: Robin on the right | F131: Symbol | G131: Value | I131: Unit
B132: Film coefficient | F132: h | G132: 5
B133: Outside value | F133: φ_∞ | G133: 20
B134: h_c | K134: =1/(1/$G$132+($K$76/2)/$G$73) -> 4 | N134: =IF(K134="","",IF(ISNUMBER(K134),IF(ABS(K134-'L4 Answers'!K134)<=MAX(0.005*ABS('L4 Answers'!K134),0.001),"✓","✗"),"✗")) -> ✓
B135: Hint: 1/(1/5 + 0.1/2).
B137: Cell | E137: 1 | F137: 2 | G137: 3 | H137: 4 | I137: 5
B138: aW | E138: =0 -> 0 | F138: =$K$78 -> 10 | G138: =$K$78 -> 10 | H138: =$K$78 -> 10 | I138: =$K$78 -> 10 | N138: =IF(COUNT(E138:I138)<5,"",IF(SUMPRODUCT(--(ABS(E138:I138-'L4 Answers'!E138:I138)<=0.005*ABS('L4 Answers'!E138:I138)+0.001))=5,"✓","✗")) -> ✓
B139: aE | E139: =$K$78 -> 10 | F139: =$K$78 -> 10 | G139: =$K$78 -> 10 | H139: =$K$78 -> 10 | I139: =0 -> 0 | N139: =IF(COUNT(E139:I139)<5,"",IF(SUMPRODUCT(--(ABS(E139:I139-'L4 Answers'!E139:I139)<=0.005*ABS('L4 Answers'!E139:I139)+0.001))=5,"✓","✗")) -> ✓
B140: Su | E140: =2*$K$78*$G$74 -> 2000 | F140: =0 -> 0 | G140: =0 -> 0 | H140: =0 -> 0 | I140: =$K$134*$G$133 -> 80 | N140: =IF(COUNT(E140:I140)<5,"",IF(SUMPRODUCT(--(ABS(E140:I140-'L4 Answers'!E140:I140)<=0.005*ABS('L4 Answers'!E140:I140)+0.001))=5,"✓","✗")) -> ✓
B141: Sp | E141: =-2*$K$78 -> -20 | F141: =0 -> 0 | G141: =0 -> 0 | H141: =0 -> 0 | I141: =-$K$134 -> -4 | N141: =IF(COUNT(E141:I141)<5,"",IF(SUMPRODUCT(--(ABS(E141:I141-'L4 Answers'!E141:I141)<=0.005*ABS('L4 Answers'!E141:I141)+0.001))=5,"✓","✗")) -> ✓
B142: aP = aW + aE − Sp | E142: =E138+E139-E141 -> 30 | F142: =F138+F139-F141 -> 20 | G142: =G138+G139-G141 -> 20 | H142: =H138+H139-H141 -> 20 | I142: =I138+I139-I141 -> 14 | N142: =IF(COUNT(E142:I142)<5,"",IF(SUMPRODUCT(--(ABS(E142:I142-'L4 Answers'!E142:I142)<=0.005*ABS('L4 Answers'!E142:I142)+0.001))=5,"✓","✗")) -> ✓
B144: Solved mesh B | D144: φ_A | E144: Cell 1 | F144: Cell 2 | G144: Cell 3 | H144: Cell 4 | I144: Cell 5 | J144: φ_∞
B145: φ | D145: =$G$74 -> 100 | E145: =(E138*D145+E139*F145+E140)/E142 -> 94.285714 | F145: =(F138*E145+F139*G145+F140)/F142 -> 82.857143 | G145: =(G138*F145+G139*H145+G140)/G142 -> 71.428571 | H145: =(H138*G145+H139*I145+H140)/H142 -> 60 | I145: =(I138*H145+I139*J145+I140)/I142 -> 48.571429 | J145: =$G$133 -> 20 | N145: =IF(COUNT(E145:I145)<5,"",IF(SUMPRODUCT(--(ABS(E145:I145-'L4 Answers'!E145:I145)<=0.005*ABS('L4 Answers'!E145:I145)+0.001))=5,"✓","✗")) -> ✓
B146: x (m) | D146: =0 -> 0 | E146: =E97 -> 0.1 | F146: =F97 -> 0.3 | G146: =G97 -> 0.5 | H146: =H97 -> 0.7 | I146: =I97 -> 0.9 | J146: =$G$71 -> 1
B148: φ in cell 5 (example B) | K148: =$I$145 -> 48.571429 | N148: =IF(K148="","",IF(ISNUMBER(K148),IF(ABS(K148-'L4 Answers'!K148)<=MAX(0.005*ABS('L4 Answers'!K148),0.001),"✓","✗"),"✗")) -> ✓
B150: Value on the boundary face itself φ₅ − q (Δx/2)/Γ, with q = h_c(φ₅ − φ_∞) | K150: =$I$145-$K$134*($I$145-$G$133)*($K$76/2)/$G$73 -> 42.857143 | N150: =IF(K150="","",IF(ISNUMBER(K150),IF(ABS(K150-'L4 Answers'!K150)<=MAX(0.005*ABS('L4 Answers'!K150),0.001),"✓","✗"),"✗")) -> ✓
B151: Hint: 1/(1/5 + 0.1/2).
B153: If h becomes enormous, the Robin boundary becomes ______. | K153: a fixed value φ_∞ (h_c → 2D) | N153: =IF(K153="","",IF(TRIM(K153)='L4 Answers'!K153,"✓","✗")) -> ✓
B154: Hint: 1/h → 0 leaves h_c = Γ/(Δx/2) = 2D.
B156: BY HAND | C156: Derive the Robin S_u and S_p for cell 5 from its balance.
B157: Model answer:
B158: Γ(φ_W − φ_P)/Δx ... in: D(φ_W − φ_P) − h_c(φ_P − φ_∞) = 0 ⇒ (D + h_c)φ_P = Dφ_W + h_cφ_∞: S_u = h_cφ_∞, S_p = −h_c.
B160: TAKE AWAY | C160: Boundary cells: a_nb = 0 on the boundary side, and the boundary goes into S_u and S_p. Fixed value: 2Dφ_A and −2D. Flux: ±qA and 0. Zero gradient: nothing. Mixed: h_cφ_∞ and −h_c.
B162: RECAP | C162: ▸ Boundary cell: zero the missing a_nb and put the boundary into S_u and S_p. ▸ Fixed value: S_u = 2Dφ_b, S_p = −2D. ▸ Known flux in: S_u = qA, S_p = 0. Zero gradient: nothing. ▸ Mixed: S_u = h_cφ_∞, S_p = −h_c with h_c = 1/(1/h + (Δx/2)/Γ).
B164: NEXT UP | C164: Lesson 5: sources inside the cells, and what to do when the source depends on φ. (in the full FVM Foundations pack: cfdbyhand.gumroad.com/l/fvm-foundations)
B168: CFD by Hand · Learn CFD one cell at a time · linktr.ee/cfdbyhand
